nan,nan,nan,nan,nan,nan,nan,nan,nan,nan,nan,nan,nan,nan,nan,nan,nan,nan,nan,nan,nan,nan,nan,nan,nan,nan,nan,nan,nan,nan,nan,nan,nan,nan,nan,nan,nan,nan,nan,nan,nan,nan,nan,nan,nan,nan,nan,nan,nan,nan,nan,nan,nan,nan,nan,nan,nan,nan,nan,nan,nan,nan,nan,nan,nan,nan,nan,nan,nan,nan,nan,nan,nan,nan,nan,nan,nan,nan,nan,nan,nan,nan,nan,nan,nan,nan,nan,nan,nan,nan,nan,nan,nan,nan,nan,nan,nan,nan,nan,nan,nan,nan,nan,nan,nan,nan,nan,nan,nan,nan,nan,nan,nan,nan,nan,nan,nan,nan,nan,nan,nan,nan,nan,nan,nan,nan,nan,nan,nan,nan,nan,nan,nan,nan,nan,nan,nan,nan,nan,nan,nan,nan,nan,nan,nan,nan,nan,nan,nan,nan,nan,nan,nan,nan,nan,nan,nan,nan,nan,nan,nan,nan,nan,nan,nan,nan,nan,nan,nan,nan,nan,nan,nan,nan,nan,nan,nan,nan,nan,nan,nan,nan,nan,nan,nan,nan,nan,nan,nan,nan,nan,nan,nan,nan,nan
nan,nan,nan,nan,nan,nan,nan,nan,nan,nan,nan,nan,nan,nan,nan,nan,nan,nan,nan,nan,nan,nan,nan,nan,nan,nan,nan,nan,nan,nan,nan,nan,nan,nan,nan,nan,nan,nan,nan,nan,nan,nan,nan,nan,nan,nan,nan,nan,nan,nan,nan,nan,nan,nan,nan,nan,nan,nan,nan,nan,nan,nan,nan,nan,nan,nan,nan,nan,nan,nan,nan,nan,nan,nan,nan,nan,nan,nan,nan,nan,nan,nan,nan,nan,nan,nan,nan,nan,nan,nan,nan,nan,nan,nan,nan,nan,nan,nan,nan,nan,nan,nan,nan,nan,nan,nan,nan,nan,nan,nan,nan,nan,nan,nan,nan,nan,nan,nan,nan,nan,nan,nan,nan,nan,nan,nan,nan,nan,nan,nan,nan,nan,nan,nan,nan,nan,nan,nan,176.956412,176.956234,176.954820,176.952483,176.949910,176.948046,176.947866,176.949435,nan,nan,nan,nan,nan,nan,nan,nan,nan,nan,nan,nan,nan,nan,nan,nan,nan,nan,nan,nan,nan,nan,nan,nan,nan,nan,nan,nan,nan,nan,nan,nan,nan,nan,nan,nan,nan,nan,nan,nan,nan,nan,nan,nan,nan,nan,nan,nan,nan
nan,nan,nan,nan,nan,nan,nan,nan,nan,nan,nan,nan,nan,nan,nan,nan,nan,nan,nan,nan,nan,nan,nan,nan,nan,nan,nan,nan,nan,nan,nan,nan,nan,nan,nan,nan,nan,nan,nan,nan,nan,nan,nan,nan,nan,nan,nan,nan,nan,nan,nan,nan,nan,nan,nan,nan,nan,nan,nan,nan,nan,nan,nan,nan,nan,nan,nan,nan,nan,nan,nan,nan,nan,nan,nan,nan,nan,nan,nan,nan,nan,nan,nan,nan,nan,nan,nan,nan,nan,nan,nan,nan,nan,nan,nan,nan,nan,nan,nan,nan,nan,nan,nan,nan,nan,nan,nan,nan,nan,nan,nan,nan,nan,nan,nan,nan,nan,nan,nan,nan,nan,nan,nan,nan,nan,nan,nan,nan,nan,nan,nan,nan,nan,nan,nan,nan,nan,176.950581,176.951896,176.951907,176.950921,176.949276,176.947275,176.945435,176.944645,176.945461,176.947205,nan,nan,nan,nan,nan,nan,nan,nan,nan,nan,nan,nan,nan,nan,nan,nan,nan,nan,nan,nan,nan,nan,nan,nan,nan,nan,nan,nan,nan,nan,nan,nan,nan,nan,nan,nan,nan,nan,nan,nan,nan,nan,nan,nan,nan,nan,nan,nan
nan,nan,nan,nan,nan,nan,nan,nan,nan,nan,nan,nan,nan,nan,nan,nan,nan,nan,nan,nan,nan,nan,nan,nan,nan,nan,nan,nan,nan,nan,nan,nan,nan,nan,nan,nan,nan,nan,nan,nan,nan,nan,nan,nan,nan,nan,nan,nan,nan,nan,nan,nan,nan,nan,nan,nan,nan,nan,nan,nan,nan,nan,nan,nan,nan,nan,nan,nan,nan,nan,nan,nan,nan,nan,nan,nan,nan,nan,nan,nan,nan,nan,nan,nan,nan,nan,nan,nan,nan,nan,nan,nan,nan,nan,nan,nan,nan,nan,nan,nan,nan,nan,nan,nan,nan,nan,nan,nan,nan,nan,nan,nan,nan,nan,nan,nan,nan,nan,nan,nan,nan,nan,nan,nan,nan,nan,nan,nan,nan,nan,nan,nan,nan,nan,nan,176.942039,176.942659,176.943856,176.944821,176.944965,176.944402,176.943308,176.941617,176.939381,176.937288,176.936247,176.936131,176.935804,176.934414,nan,nan,nan,nan,nan,nan,nan,nan,nan,nan,nan,nan,nan,nan,nan,nan,nan,nan,nan,nan,nan,nan,nan,nan,nan,nan,nan,nan,nan,nan,nan,nan,nan,nan,nan,nan,nan,nan,nan,nan,nan,nan,nan,nan,nan,nan
nan,nan,nan,nan,nan,nan,nan,nan,nan,nan,nan,nan,nan,nan,nan,nan,nan,nan,nan,nan,nan,nan,nan,nan,nan,nan,nan,nan,nan,nan,nan,nan,nan,nan,nan,nan,nan,nan,nan,nan,nan,nan,nan,nan,nan,nan,nan,nan,nan,nan,nan,nan,nan,nan,nan,nan,nan,nan,nan,nan,nan,nan,nan,nan,nan,nan,nan,nan,nan,nan,nan,nan,nan,nan,nan,nan,nan,nan,nan,nan,nan,nan,nan,nan,nan,nan,nan,nan,nan,nan,nan,nan,nan,nan,nan,nan,nan,nan,nan,nan,nan,nan,nan,nan,nan,nan,nan,nan,nan,nan,nan,nan,nan,nan,nan,nan,nan,nan,nan,nan,nan,nan,nan,nan,nan,nan,176.989430,176.984882,176.978597,176.971220,176.963422,176.955021,176.946722,176.940296,176.936931,176.935597,176.934863,176.934628,176.934673,176.934470,176.933694,176.932164,176.929428,176.925132,176.919862,176.915064,176.911830,176.910091,176.909295,176.909980,176.912253,nan,nan,nan,nan,nan,nan,nan,nan,nan,nan,nan,nan,nan,nan,176.112600,176.111942,176.107742,176.097249,176.084325,176.077065,176.077918,176.085325,176.097610,176.112092,176.125315,176.138697,176.157734,176.180307,nan,nan,nan,nan,nan,nan,nan,nan,nan,nan,nan,nan,nan,nan,nan,nan
nan,nan,nan,nan,nan,nan,nan,nan,nan,nan,nan,nan,nan,nan,nan,nan,nan,nan,nan,nan,nan,nan,nan,nan,nan,nan,nan,nan,nan,nan,nan,nan,nan,nan,nan,nan,nan,nan,nan,nan,nan,nan,nan,nan,nan,nan,nan,nan,nan,nan,nan,nan,nan,nan,nan,nan,nan,nan,nan,nan,nan,nan,nan,nan,nan,nan,nan,nan,nan,nan,nan,nan,nan,nan,nan,nan,nan,nan,nan,nan,nan,nan,nan,nan,nan,nan,nan,nan,nan,nan,nan,nan,nan,nan,nan,nan,nan,nan,nan,nan,nan,nan,nan,nan,nan,nan,nan,nan,nan,nan,nan,nan,nan,nan,nan,nan,nan,nan,nan,nan,177.020915,177.013364,177.006853,177.000968,176.994823,176.989196,176.984613,176.979585,176.972900,176.965218,176.957225,176.948574,176.939936,176.932952,176.928500,176.925758,176.923505,176.921617,176.920060,176.918193,176.915241,176.910697,176.903890,176.894551,176.883887,176.874413,176.868298,176.866138,176.867876,176.874536,176.883847,176.874835,176.793276,176.613357,176.414859,176.298673,176.255158,176.219247,176.183431,176.161848,176.149790,176.136794,176.123590,176.115781,176.113518,176.115545,176.118203,176.112455,176.094895,176.076864,176.068836,176.070538,176.077926,176.088294,176.100687,176.111577,176.119781,176.133947,176.156288,nan,nan,nan,nan,nan,nan,nan,nan,nan,nan,nan,nan,nan,nan,nan,nan
nan,nan,nan,nan,nan,nan,nan,nan,nan,nan,nan,nan,nan,nan,nan,nan,nan,nan,nan,nan,nan,nan,nan,nan,nan,nan,nan,nan,nan,nan,nan,nan,nan,nan,nan,nan,nan,nan,nan,nan,nan,nan,nan,nan,nan,nan,nan,nan,nan,nan,nan,nan,nan,nan,nan,nan,nan,nan,nan,nan,nan,nan,nan,nan,nan,nan,nan,nan,nan,nan,nan,nan,nan,nan,nan,nan,nan,nan,nan,nan,nan,nan,177.549467,177.538379,177.528389,177.517201,177.501284,177.476160,177.441273,177.404017,177.374673,177.358144,177.350909,nan,nan,nan,nan,nan,nan,nan,nan,nan,nan,nan,nan,nan,nan,nan,nan,nan,nan,nan,nan,nan,nan,nan,177.049757,177.042549,177.032742,177.022669,177.013886,177.006285,176.999786,176.993857,176.987928,176.982430,176.977424,176.971829,176.964687,176.956450,176.947779,176.938553,176.929431,176.921651,176.915780,176.911173,176.906685,176.901982,176.896873,176.890326,176.881342,176.869896,176.856401,176.841831,176.827973,176.817013,176.810551,176.809289,176.813732,176.825199,176.840366,176.832165,176.742654,176.566409,176.396997,176.307739,176.272735,176.239792,176.204574,176.180653,176.165446,176.148883,176.130905,176.118396,176.113957,176.118154,176.124195,176.113709,176.084660,176.060742,176.052713,176.054592,176.059626,176.067872,176.081145,176.091882,176.094126,176.101631,176.123222,nan,nan,nan,nan,nan,nan,nan,nan,nan,nan,nan,nan,nan,nan,nan,nan
nan,nan,nan,nan,nan,nan,nan,nan,nan,nan,nan,nan,nan,nan,nan,nan,nan,nan,nan,nan,nan,nan,nan,nan,nan,nan,nan,nan,nan,nan,nan,nan,nan,nan,nan,nan,nan,nan,nan,nan,nan,nan,nan,nan,nan,nan,nan,nan,nan,nan,nan,nan,nan,nan,nan,nan,nan,nan,nan,nan,nan,nan,nan,nan,nan,nan,nan,nan,nan,nan,nan,nan,nan,nan,nan,nan,nan,nan,nan,177.621579,177.595254,177.570375,177.552336,177.539515,177.528154,177.515208,177.497026,177.470451,177.436427,177.401435,177.373635,177.357255,177.349376,177.343613,177.335524,177.323862,nan,nan,nan,nan,nan,nan,nan,nan,nan,nan,nan,nan,nan,nan,nan,nan,177.056276,177.048845,177.043303,177.039204,177.034658,177.028442,177.020703,177.012121,177.003828,176.996572,176.990267,176.984391,176.978724,176.973341,176.967883,176.961597,176.953808,176.944751,176.935111,176.925080,176.915054,176.905644,176.897131,176.889144,176.880640,176.870898,176.859323,176.844796,176.827254,176.808980,176.792722,176.779820,176.770022,176.762811,176.758562,176.758415,176.763059,176.773067,176.786391,176.779364,176.694249,176.531141,176.389547,176.321813,176.293143,176.264151,176.230047,176.202237,176.182699,176.164101,176.143343,176.125049,176.114343,176.114747,176.117495,176.100249,176.066679,176.043622,176.037443,176.038880,176.040511,176.047334,176.063647,176.077565,176.079836,176.085415,176.105095,nan,nan,nan,nan,nan,nan,nan,nan,nan,nan,nan,nan,nan,nan,nan,nan
nan,nan,nan,nan,nan,nan,nan,nan,nan,nan,nan,nan,nan,nan,nan,nan,nan,nan,nan,nan,nan,nan,nan,nan,nan,nan,nan,nan,nan,nan,nan,nan,nan,nan,nan,nan,nan,nan,nan,nan,nan,nan,nan,nan,nan,nan,nan,nan,nan,nan,nan,nan,nan,nan,nan,nan,nan,nan,nan,nan,nan,nan,nan,nan,177.962184,177.957457,177.949953,177.944489,177.940557,177.933479,177.920409,177.898225,nan,nan,nan,nan,nan,nan,177.651925,177.628206,177.600278,177.573975,177.554239,177.539757,177.526695,177.511564,177.490919,177.463050,177.430457,177.398723,177.373322,177.357184,177.348120,177.340857,177.331256,177.318067,177.302241,177.286327,177.273062,177.262344,nan,nan,nan,nan,nan,nan,nan,nan,nan,177.094390,177.075526,177.058470,177.045252,177.035146,177.027620,177.022049,177.017043,177.011829,177.005924,176.999005,176.991838,176.985326,176.979336,176.973479,176.967744,176.962046,176.955886,176.948582,176.939615,176.929275,176.918315,176.906974,176.895078,176.882460,176.869286,176.855888,176.841821,176.826185,176.808465,176.788872,176.769139,176.752529,176.741185,176.734666,176.730909,176.728126,176.726224,176.726371,176.729006,176.733749,176.739430,176.731739,176.666722,176.534056,176.411176,176.345720,176.313394,176.284341,176.250785,176.219861,176.196111,176.176885,176.157476,176.136311,176.117345,176.107581,176.105618,176.101751,176.089095,176.067294,176.049036,176.040248,176.036730,176.042218,176.059132,176.075685,176.083752,176.092405,176.107705,nan,nan,nan,nan,nan,nan,nan,nan,nan,nan,nan,nan,nan,nan,nan,nan
nan,nan,nan,nan,nan,nan,nan,nan,nan,nan,nan,nan,nan,nan,nan,nan,nan,nan,nan,nan,nan,nan,nan,nan,nan,nan,nan,nan,nan,nan,nan,nan,nan,nan,nan,nan,nan,nan,nan,nan,nan,nan,nan,178.007946,178.027293,178.063329,178.113895,178.164439,nan,nan,nan,nan,nan,nan,nan,nan,nan,nan,nan,nan,nan,nan,177.966352,177.964209,177.964046,177.960692,177.954351,177.950062,177.947376,177.941143,177.927334,177.900397,177.849494,177.779642,nan,nan,177.686909,177.674164,177.656356,177.632000,177.602750,177.575439,177.554574,177.538507,177.523519,177.506298,177.483952,177.455776,177.425005,177.396386,177.373302,177.357234,177.346427,177.336952,177.325418,177.311035,177.295502,177.280906,177.268376,177.257557,177.246856,177.235486,177.223887,177.211673,177.197429,177.179736,177.158237,177.133556,177.107964,177.084988,177.064751,177.046768,177.031857,177.020209,177.011854,177.005991,177.001160,176.996490,176.991410,176.985622,176.979576,176.973689,176.967706,176.961363,176.954713,176.947743,176.940051,176.930899,176.919900,176.907514,176.894384,176.880572,176.865446,176.848407,176.830142,176.812196,176.794815,176.777202,176.759587,176.743376,176.729906,176.720294,176.714723,176.712176,176.711076,176.710176,176.709304,176.708916,176.708964,176.708848,176.707397,176.696556,176.652197,176.560637,176.457267,176.384393,176.340462,176.304396,176.268375,176.237418,176.212708,176.193507,176.177788,176.159419,176.137317,176.121663,176.129908,176.169796,176.199436,176.173626,176.116807,176.071884,176.051602,176.051806,176.064011,176.077125,176.086039,176.093897,176.102801,nan,nan,nan,nan,nan,nan,nan,nan,nan,nan,nan,nan,nan,nan,nan,nan
nan,nan,nan,nan,nan,nan,nan,nan,nan,nan,nan,nan,nan,nan,nan,nan,nan,nan,nan,nan,nan,nan,nan,nan,nan,nan,nan,nan,nan,nan,nan,nan,nan,nan,177.990358,177.992789,177.995045,177.996684,177.998412,178.000810,178.004527,178.011144,178.021876,178.038627,178.066787,178.110232,178.161546,178.204939,178.233765,178.250937,nan,nan,nan,nan,nan,nan,nan,nan,nan,nan,177.976363,177.972518,177.967535,177.965207,177.965213,177.963379,177.958826,177.955301,177.952250,177.944675,177.927072,177.892138,177.832692,177.763497,177.716114,177.693794,177.681654,177.669432,177.652216,177.627784,177.598807,177.572494,177.551976,177.534942,177.518376,177.499821,177.477069,177.449800,177.421111,177.394964,177.373486,177.357085,177.344257,177.332255,177.318727,177.303506,177.288416,177.274807,177.262940,177.252321,177.241878,177.230962,177.219340,177.206340,177.190697,177.171291,177.148013,177.121864,177.095095,177.071089,177.050952,177.033672,177.019096,177.007726,176.999703,176.993975,176.989006,176.984028,176.978835,176.973379,176.967679,176.961571,176.954702,176.946823,176.937876,176.927902,176.916771,176.904107,176.889875,176.874515,176.858436,176.841652,176.823723,176.804515,176.785429,176.768235,176.752943,176.738808,176.726294,176.716473,176.709473,176.704941,176.702408,176.701193,176.700523,176.699779,176.698766,176.697361,176.694976,176.690624,176.682352,176.663884,176.623930,176.559118,176.484409,176.422191,176.377920,176.340899,176.307248,176.281369,176.260333,176.243524,176.232319,176.220341,176.203661,176.191643,176.211018,176.276781,176.333824,176.313749,176.227213,176.135093,176.080463,176.063809,176.065230,176.070004,176.073740,176.077405,176.081426,nan,nan,nan,nan,nan,nan,nan,nan,nan,nan,nan,nan,nan,nan,nan,nan
nan,nan,nan,nan,nan,nan,nan,nan,nan,nan,nan,nan,nan,nan,nan,nan,nan,nan,nan,nan,nan,nan,nan,nan,nan,nan,177.999469,177.999593,178.001931,178.003051,178.003030,178.003246,178.004089,178.005371,178.007432,178.010086,178.012602,178.014936,178.017813,178.021943,178.028531,178.040187,178.059381,178.086925,178.123675,178.167381,178.208524,178.237484,178.253811,178.262914,178.268701,nan,nan,nan,nan,nan,nan,nan,177.938338,177.961484,177.968253,177.968678,177.967641,177.966710,177.966681,177.965538,177.961619,177.956321,177.948784,177.934179,177.905597,177.858306,177.796453,177.738817,177.702624,177.683212,177.669241,177.654771,177.636340,177.612443,177.586242,177.563425,177.545101,177.528555,177.511731,177.493152,177.471168,177.445699,177.419427,177.395393,177.374841,177.357587,177.342458,177.327859,177.312649,177.296949,177.282067,177.268858,177.257278,177.246672,177.236111,177.224976,177.212765,177.198514,177.180799,177.158653,177.132512,177.104496,177.077720,177.055274,177.037588,177.022592,177.009600,176.999341,176.991854,176.985930,176.980266,176.974469,176.968596,176.962490,176.955805,176.948121,176.939020,176.928040,176.914741,176.899143,176.881893,176.863973,176.846074,176.828329,176.810931,176.794091,176.777721,176.761846,176.747265,176.734754,176.723978,176.714411,176.706461,176.700835,176.697291,176.695027,176.693517,176.692527,176.691742,176.690663,176.688919,176.686122,176.681159,176.671969,176.654896,176.624013,176.577654,176.525078,176.476886,176.438274,176.408699,176.384174,176.363845,176.348780,176.335690,176.325443,176.319996,176.315069,176.307819,176.302038,176.313820,176.357828,176.403697,176.397549,176.323980,176.215265,176.124927,176.078003,176.061589,176.056686,176.055378,176.057285,176.060836,nan,nan,nan,nan,nan,nan,nan,nan,nan,nan,nan,nan,nan,nan,nan,nan
nan,nan,nan,nan,nan,nan,nan,nan,nan,nan,nan,nan,nan,nan,nan,177.791974,177.854211,177.926953,177.975530,178.002949,178.025941,178.040861,178.045152,178.039651,178.021829,178.002572,178.001605,178.014774,178.025726,178.029234,178.029025,178.028660,178.029169,178.030405,178.032396,178.034884,178.037683,178.041250,178.046275,178.053364,178.064054,178.081685,178.109171,178.144432,178.181601,178.215291,178.241276,178.257839,178.266788,178.271459,178.273791,178.274310,178.274039,nan,nan,nan,177.991903,177.930245,177.932479,177.950262,177.959665,177.964416,177.967534,177.968775,177.968739,177.966620,177.960476,177.949611,177.932003,177.902923,177.859040,177.805939,177.754338,177.713738,177.687691,177.669747,177.652594,177.633924,177.613187,177.590936,177.569409,177.551092,177.535690,177.520786,177.504921,177.487302,177.466939,177.444034,177.420432,177.397997,177.377525,177.358813,177.341136,177.324041,177.307573,177.291725,177.276781,177.263337,177.251544,177.240724,177.229894,177.218315,177.205220,177.189325,177.168960,177.143356,177.114133,177.085148,177.060106,177.040893,177.026628,177.014500,177.003474,176.994323,176.987001,176.980428,176.973835,176.967141,176.960235,176.952618,176.943792,176.933242,176.920281,176.904120,176.884146,176.860844,176.836554,176.814428,176.795730,176.779571,176.765236,176.752646,176.741479,176.731192,176.721707,176.713250,176.705644,176.698755,176.693115,176.689323,176.687010,176.685215,176.683555,176.682200,176.680951,176.679065,176.675885,176.670746,176.661749,176.645246,176.616390,176.573374,176.525458,176.485263,176.456146,176.435256,176.418898,176.405701,176.395870,176.388386,176.381403,176.376128,176.373736,176.372224,176.369975,176.367717,176.370654,176.385523,176.404792,176.406279,176.371361,176.295672,176.201865,176.127617,176.088584,176.072323,176.065169,176.064262,176.067082,nan,nan,nan,nan,nan,nan,nan,nan,nan,nan,nan,nan,nan,nan,nan,nan
nan,nan,nan,nan,nan,nan,nan,nan,nan,nan,nan,nan,nan,nan,nan,177.754514,177.800031,177.858030,177.903471,177.944735,177.992012,178.025847,178.036848,178.026749,177.993493,177.962099,177.975312,178.022112,178.057404,178.069046,178.069575,178.068041,178.067206,178.067158,178.067535,178.068302,178.070266,178.074604,178.081886,178.092068,178.106164,178.127290,178.157520,178.191832,178.221694,178.244161,178.259989,178.269924,178.275172,178.277343,178.277413,178.276124,178.274482,178.270106,178.243951,178.159857,178.037480,177.952710,177.933093,177.943510,177.954395,177.961821,177.966866,177.969364,177.969332,177.965498,177.955301,177.935910,177.903537,177.857632,177.807766,177.764528,177.728735,177.699654,177.677300,177.657924,177.637112,177.614328,177.591819,177.571778,177.554556,177.539844,177.526843,177.513669,177.499011,177.482523,177.464121,177.444120,177.423130,177.401746,177.380505,177.359724,177.339479,177.320176,177.302595,177.286677,177.271840,177.258223,177.246116,177.234997,177.223849,177.211752,177.197637,177.179875,177.156593,177.127564,177.096268,177.067979,177.045743,177.029666,177.018067,177.008269,176.999011,176.990726,176.983282,176.975932,176.968440,176.960823,176.952612,176.943080,176.931684,176.917515,176.899188,176.875829,176.848046,176.818250,176.790563,176.768911,176.753649,176.742333,176.733022,176.725156,176.718349,176.711867,176.705406,176.699061,176.692778,176.686775,176.681781,176.678318,176.675893,176.673485,176.670789,176.668110,176.665155,176.660857,176.654219,176.643922,176.627013,176.599649,176.560923,176.517574,176.480667,176.454755,176.437614,176.425590,176.415813,176.407779,176.401947,176.397598,176.393728,176.390602,176.388767,176.387596,176.386243,176.384793,176.384455,176.386805,176.390978,176.392425,176.383799,176.354949,176.301204,176.239203,176.194647,176.169263,176.151768,176.141823,176.139858,nan,nan,nan,nan,nan,nan,nan,nan,nan,nan,nan,nan,nan,nan,nan,nan
nan,nan,nan,nan,nan,nan,nan,nan,nan,nan,nan,nan,nan,nan,nan,177.721144,177.740079,177.766697,177.794174,177.837079,177.897050,177.943184,177.959948,177.948546,177.909938,177.884100,177.931365,178.027887,178.096646,178.120199,178.122961,178.120627,178.118246,178.116276,178.113603,178.110506,178.109343,178.112084,178.118980,178.129324,178.143399,178.163446,178.190334,178.218722,178.241956,178.259071,178.271120,178.278298,178.281537,178.282153,178.280308,178.275748,178.268540,178.255646,178.222141,178.143194,178.032980,177.955588,177.934803,177.941568,177.951776,177.959073,177.963749,177.966696,177.967332,177.962739,177.948761,177.919862,177.872189,177.817115,177.774392,177.745063,177.720307,177.696213,177.673119,177.650502,177.626179,177.600383,177.577159,177.558980,177.544477,177.532016,177.520564,177.508456,177.494510,177.478835,177.461974,177.444129,177.425076,177.404389,177.382045,177.358958,177.336409,177.315455,177.296976,177.280988,177.266579,177.253231,177.240977,177.229458,177.217801,177.205035,177.189840,177.170199,177.144047,177.112098,177.079958,177.053590,177.034481,177.021004,177.011045,177.002586,176.994521,176.986796,176.979159,176.971180,176.962887,176.954222,176.944488,176.932942,176.918899,176.900678,176.876050,176.844837,176.810736,176.778921,176.753397,176.736025,176.725320,176.718211,176.712485,176.707423,176.702756,176.697934,176.692785,176.687300,176.681364,176.675331,176.669942,176.665641,176.661911,176.657579,176.651962,176.645136,176.636850,176.626027,176.611533,176.591770,176.564950,176.532152,176.498547,176.469957,176.448877,176.434298,176.424013,176.416169,176.409572,176.404049,176.399823,176.396683,176.394176,176.392124,176.390657,176.389515,176.388322,176.387109,176.385947,176.385082,176.384941,176.385518,176.385230,176.379555,176.363502,176.339789,176.318444,176.301797,176.285608,176.273542,176.270885,nan,nan,nan,nan,nan,nan,nan,nan,nan,nan,nan,nan,nan,nan,nan,nan
nan,nan,nan,nan,nan,nan,nan,nan,nan,nan,nan,nan,nan,nan,nan,177.705665,177.704147,177.703723,177.708552,177.731064,177.769595,177.801648,177.815412,177.811539,177.798944,177.823836,177.928813,178.062589,178.145553,178.173432,178.178111,178.176256,178.172888,178.168739,178.162487,178.154634,178.148668,178.146999,178.149577,178.155836,178.166279,178.182864,178.205940,178.230688,178.251600,178.267709,178.279262,178.285810,178.288282,178.287456,178.280858,178.265073,178.240133,178.205957,178.154794,178.078988,177.998946,177.950739,177.937626,177.941522,177.949268,177.954937,177.958313,177.961203,177.962700,177.958068,177.941025,177.903614,177.845770,177.792165,177.759530,177.738870,177.719628,177.697645,177.673268,177.647698,177.620617,177.593134,177.569794,177.552549,177.539292,177.528075,177.517451,177.505546,177.491484,177.475862,177.459421,177.442310,177.424059,177.403515,177.380026,177.355067,177.331133,177.309616,177.290942,177.275030,177.260968,177.247868,177.235493,177.223566,177.211366,177.197881,177.181525,177.159916,177.131038,177.096884,177.064820,177.040681,177.024341,177.012981,177.004229,176.996596,176.989263,176.981814,176.973886,176.965285,176.956154,176.946277,176.934789,176.920828,176.903287,176.879873,176.848543,176.811329,176.775311,176.746488,176.726360,176.713873,176.706553,176.701822,176.697907,176.694079,176.690076,176.685624,176.680759,176.675368,176.669216,176.662479,176.655535,176.648541,176.640845,176.630916,176.617387,176.600385,176.581191,176.560505,176.538378,176.514728,176.490626,176.468900,176.451564,176.438429,176.428320,176.420331,176.413842,176.408402,176.403740,176.399780,176.396572,176.394120,176.392303,176.390960,176.389899,176.388785,176.387598,176.386447,176.384965,176.383236,176.382165,176.382385,176.383459,176.383697,176.382014,176.379779,176.378715,176.378322,176.375179,176.368869,176.366305,nan,nan,nan,nan,nan,nan,nan,nan,nan,nan,nan,nan,nan,nan,nan,nan
nan,nan,nan,nan,nan,nan,nan,nan,nan,nan,nan,nan,nan,nan,nan,177.705104,177.696813,177.686587,177.679334,177.681167,177.691411,177.702678,177.710306,177.715090,177.737522,177.826504,177.984324,178.125352,178.194500,178.214814,178.218668,178.217625,178.214273,178.209071,178.200967,178.190057,178.179528,178.172038,178.168144,178.168344,178.174190,178.188096,178.210227,178.235432,178.257487,178.274711,178.287231,178.294696,178.298036,178.295378,178.275391,178.228864,178.169162,178.115070,178.067807,178.022025,177.981324,177.954167,177.942135,177.941476,177.946076,177.949868,177.951655,177.953347,177.954145,177.948412,177.927858,177.883976,177.824717,177.779623,177.754883,177.738422,177.721522,177.700423,177.675113,177.647309,177.618259,177.590220,177.567215,177.550291,177.537431,177.526827,177.516488,177.504187,177.489340,177.472886,177.455759,177.438356,177.420012,177.398843,177.374010,177.347890,177.323788,177.302821,177.284721,177.269149,177.255204,177.242023,177.229394,177.217090,177.204400,177.190077,177.172218,177.148378,177.117143,177.081937,177.050894,177.028829,177.014423,177.004508,176.996786,176.989914,176.983062,176.975660,176.967295,176.957851,176.947505,176.935909,176.921892,176.903967,176.880492,176.849988,176.813258,176.775495,176.743826,176.721378,176.706911,176.698117,176.692763,176.689117,176.685919,176.682422,176.678322,176.673543,176.668155,176.661845,176.654154,176.644808,176.633500,176.619771,176.602653,176.580981,176.554917,176.527543,176.503041,176.482754,176.465845,176.451563,176.439851,176.430952,176.424459,176.419272,176.414457,176.409852,176.405659,176.402002,176.398831,176.396051,176.393718,176.391914,176.390593,176.389668,176.388851,176.387742,176.386489,176.385222,176.383411,176.381181,176.379653,176.379452,176.380191,176.380955,176.382097,176.385396,176.391129,176.398434,176.403538,176.400735,176.395353,176.393508,nan,nan,nan,nan,nan,nan,nan,nan,nan,nan,nan,nan,nan,nan,nan
nan,nan,nan,nan,nan,nan,nan,nan,nan,nan,nan,nan,nan,nan,nan,177.711779,177.702323,177.690795,177.680593,177.674623,177.673473,177.676714,177.682174,177.690755,177.730615,177.853783,178.037135,178.173254,178.226328,178.238461,178.240445,178.239659,178.237162,178.232822,178.225253,178.213384,178.198972,178.184918,178.173648,178.167647,178.169454,178.181950,178.205668,178.234850,178.261414,178.282088,178.297044,178.307245,178.314172,178.309504,178.264363,178.172258,178.086915,178.041276,178.018790,178.000631,177.980406,177.960095,177.945453,177.939980,177.940866,177.942168,177.941644,177.940515,177.938304,177.929464,177.904331,177.857629,177.806115,177.772388,177.753663,177.739361,177.723043,177.701746,177.675497,177.646229,177.616049,177.588086,177.565651,177.548844,177.536105,177.525927,177.515750,177.503001,177.487192,177.469469,177.451251,177.433300,177.414347,177.391766,177.365357,177.338798,177.315427,177.295482,177.278203,177.263095,177.249215,177.235835,177.222853,177.210059,177.196633,177.180967,177.160961,177.134666,177.101873,177.067115,177.038018,177.017846,177.004649,176.995557,176.988534,176.982163,176.975468,176.967889,176.958989,176.948400,176.936012,176.921249,176.902406,176.877331,176.845424,176.809119,176.773132,176.742214,176.719008,176.703179,176.692806,176.686111,176.681630,176.678253,176.675024,176.671161,176.666301,176.660315,176.652893,176.643170,176.630272,176.613586,176.592760,176.568126,176.540496,176.511660,176.484646,176.462345,176.445908,176.434171,176.425525,176.419174,176.414617,176.411374,176.408934,176.406720,176.404257,176.401540,176.398956,176.396770,176.394879,176.393125,176.391592,176.390412,176.389489,176.388743,176.388033,176.387058,176.386004,176.384914,176.383005,176.380286,176.377894,176.376510,176.375957,176.375903,176.377118,176.381229,176.388594,176.399299,176.410893,176.413632,176.407103,176.399538,nan,nan,nan,nan,nan,nan,nan,nan,nan,nan,nan,nan,nan,nan,nan
nan,nan,nan,nan,nan,nan,nan,nan,nan,nan,nan,nan,nan,nan,nan,177.725766,177.714683,177.702254,177.690653,177.681807,177.677228,177.678173,177.682405,177.691503,177.736679,177.870455,178.060854,178.193479,178.239697,178.248413,178.249678,178.249233,178.247430,178.243711,178.236454,178.223309,178.204402,178.183264,178.164911,178.153641,178.151701,178.162083,178.187853,178.224635,178.261326,178.290180,178.310208,178.324174,178.333667,178.320308,178.244293,178.125237,178.042106,178.012023,178.003311,177.995130,177.981226,177.962702,177.945870,177.936291,177.932994,177.930702,177.926517,177.920888,177.913636,177.900061,177.871661,177.829315,177.790727,177.766916,177.752470,177.739258,177.722317,177.699698,177.672272,177.642513,177.612532,177.585157,177.563034,177.546088,177.533384,177.523518,177.513502,177.500495,177.483921,177.465121,177.445989,177.427409,177.407362,177.382887,177.355113,177.328976,177.307041,177.288275,177.271707,177.256975,177.243164,177.229568,177.216049,177.202367,177.187628,177.169999,177.147330,177.118554,177.085108,177.052094,177.025598,177.007334,176.995151,176.986536,176.979634,176.973056,176.965958,176.957827,176.947992,176.935540,176.919673,176.899160,176.872005,176.837859,176.800884,176.767059,176.739369,176.717904,176.701923,176.690419,176.682181,176.676301,176.671946,176.668228,176.664222,176.659009,176.651822,176.641919,176.628207,176.609366,176.585285,176.557520,176.528661,176.501541,176.477651,176.457469,176.441179,176.428631,176.419427,176.412675,176.407641,176.404162,176.401959,176.400496,176.399305,176.398137,176.396794,176.395236,176.393815,176.392761,176.391899,176.391093,176.390415,176.389965,176.389647,176.389382,176.389177,176.389090,176.389994,176.391767,176.391804,176.388907,176.384376,176.379252,176.374273,176.371210,176.371577,176.376112,176.386164,176.404964,176.431897,176.449237,176.444794,176.430884,nan,nan,nan,nan,nan,nan,nan,nan,nan,nan,nan,nan,nan,nan,nan
nan,nan,nan,nan,nan,nan,nan,nan,nan,nan,nan,nan,nan,nan,177.757885,177.747566,177.735898,177.722408,177.708772,177.697027,177.689398,177.687498,177.689081,177.697574,177.746124,177.883245,178.070247,178.194895,178.234883,178.241073,178.242265,178.242647,178.240870,178.235478,178.225435,178.207990,178.182862,178.156199,178.135474,178.123638,178.119767,178.125896,178.149436,178.192284,178.242758,178.286440,178.315986,178.328538,178.323722,178.284533,178.190540,178.083337,178.021451,178.002729,177.998274,177.992334,177.980068,177.961983,177.943700,177.931246,177.924389,177.918130,177.909397,177.898405,177.885299,177.867114,177.839639,177.807074,177.780023,177.762451,177.750358,177.737465,177.719286,177.694499,177.665372,177.635781,177.607467,177.581462,177.559558,177.542477,177.529762,177.519636,177.509098,177.495510,177.478314,177.458958,177.439259,177.419732,177.398108,177.371929,177.343740,177.318988,177.298951,177.281428,177.265411,177.250884,177.237076,177.223108,177.208622,177.193352,177.176537,177.156499,177.131198,177.100435,177.067262,177.036879,177.013470,176.997412,176.986385,176.977989,176.970491,176.962827,176.954549,176.945104,176.933254,176.917281,176.895603,176.866771,176.831036,176.793556,176.761362,176.736793,176.718015,176.702933,176.690684,176.681004,176.673443,176.667549,176.662659,176.657761,176.651610,176.642526,176.628461,176.607764,176.580255,176.548196,176.516280,176.488830,176.467419,176.451343,176.438996,176.428977,176.420491,176.413301,176.407458,176.402790,176.399082,176.396457,176.394968,176.394351,176.394032,176.393502,176.392802,176.392089,176.391566,176.391383,176.391515,176.392074,176.393046,176.394346,176.396290,176.399124,176.402487,176.407039,176.416349,176.430139,176.439471,176.438859,176.430170,176.415091,176.397071,176.384553,176.381049,176.385105,176.401043,176.436284,176.484026,176.513642,176.505633,176.480348,nan,nan,nan,nan,nan,nan,nan,nan,nan,nan,nan,nan,nan,nan,nan
nan,nan,nan,nan,nan,nan,nan,nan,nan,nan,nan,nan,nan,nan,177.779760,177.772671,177.764114,177.752689,177.739520,177.727351,177.718461,177.714114,177.713225,177.722443,177.776064,177.909383,178.071621,178.167069,178.189978,178.189475,178.188459,178.188944,178.187418,178.179878,178.165866,178.144829,178.118778,178.095918,178.082432,178.076973,178.075077,178.077244,178.092361,178.127972,178.178739,178.233276,178.273865,178.276585,178.242743,178.182853,178.103197,178.035732,178.003832,177.995738,177.993069,177.987285,177.975199,177.957079,177.938127,177.924274,177.914889,177.904843,177.891828,177.876531,177.859268,177.839034,177.815499,177.791868,177.772302,177.758029,177.746611,177.733265,177.713757,177.686826,177.655932,177.626858,177.600999,177.577037,177.555840,177.539007,177.526245,177.515270,177.503279,177.488211,177.469973,177.450171,177.430063,177.409407,177.386150,177.359132,177.331904,177.309292,177.291214,177.274870,177.259279,177.244684,177.230503,177.215697,177.199629,177.181940,177.162200,177.139341,177.111805,177.080167,177.048545,177.021663,177.001754,176.988060,176.978184,176.969827,176.961357,176.951970,176.941532,176.929446,176.913808,176.891964,176.862406,176.826377,176.789168,176.757911,176.735207,176.718666,176.705201,176.693173,176.682315,176.672941,176.665107,176.658394,176.651717,176.643377,176.631033,176.611425,176.581992,176.544974,176.507828,176.477152,176.455099,176.440649,176.431434,176.425013,176.419752,176.414867,176.410117,176.405531,176.401338,176.397710,176.394660,176.392505,176.392055,176.394107,176.397478,176.399608,176.400833,176.402502,176.404204,176.405618,176.407625,176.411484,176.417200,176.424368,176.434518,176.448410,176.463646,176.480357,176.504809,176.535685,176.557025,176.560816,176.550387,176.525873,176.492464,176.466026,176.452497,176.449145,176.463989,176.504227,176.545364,176.552031,176.519722,176.478012,nan,nan,nan,nan,nan,nan,nan,nan,nan,nan,nan,nan,nan,nan,nan
nan,nan,nan,nan,nan,nan,nan,nan,nan,nan,nan,nan,nan,177.798448,177.796406,177.794567,177.791990,177.786990,177.779618,177.772802,177.768828,177.767969,177.770148,177.783073,177.834132,177.938448,178.042587,178.086004,178.084274,178.075750,178.071429,178.071890,178.073708,178.070940,178.062914,178.051519,178.039369,178.031199,178.028955,178.030057,178.031138,178.032519,178.040329,178.060133,178.091880,178.135036,178.171843,178.165335,178.119838,178.068039,178.023601,177.996141,177.987250,177.985914,177.983213,177.975866,177.962679,177.944552,177.925939,177.911645,177.900259,177.886927,177.870988,177.853833,177.835563,177.816418,177.797492,177.779984,177.764926,177.752460,177.740871,177.726491,177.705585,177.677112,177.645206,177.616705,177.592691,177.570609,177.550901,177.535087,177.522449,177.510551,177.496813,177.479477,177.459240,177.438385,177.417698,177.396061,177.371718,177.345063,177.320049,177.299997,177.283747,177.268507,177.253312,177.238359,177.223175,177.206743,177.188264,177.167288,177.143904,177.118066,177.089148,177.058368,177.029899,177.007197,176.990677,176.978914,176.969828,176.961387,176.951924,176.940448,176.926763,176.910247,176.888678,176.859531,176.823767,176.787226,176.756525,176.734206,176.718545,176.706436,176.695533,176.684823,176.674289,176.664358,176.655129,176.645662,176.633616,176.615528,176.588005,176.550487,176.508564,176.472173,176.446910,176.431336,176.422069,176.416813,176.413967,176.412026,176.409960,176.407457,176.404672,176.401728,176.398811,176.396187,176.393990,176.393278,176.397536,176.411057,176.430678,176.446480,176.457761,176.468826,176.477787,176.482690,176.486809,176.494878,176.507247,176.522048,176.540127,176.560978,176.580372,176.597480,176.616888,176.637592,176.650528,176.652922,176.647083,176.631040,176.606989,176.585871,176.571478,176.560067,176.556226,176.562989,176.556212,176.520752,176.475788,176.450249,176.461195,nan,nan,nan,nan,nan,nan,nan,nan,nan,nan,nan,nan,nan,nan
nan,nan,nan,nan,nan,nan,nan,nan,nan,nan,nan,nan,nan,177.805204,177.808609,177.813107,177.817552,177.819724,177.818504,177.817255,177.819520,177.824707,177.831970,177.845924,177.879089,177.934204,177.980104,177.991810,177.985809,177.980906,177.980060,177.983840,177.989798,177.993414,177.994331,177.994251,177.994043,177.994994,177.997282,177.999879,178.002033,178.004350,178.009708,178.019492,178.032658,178.051482,178.067457,178.056888,178.024264,177.995425,177.978346,177.971586,177.971334,177.970861,177.965788,177.955157,177.940034,177.922258,177.904534,177.889892,177.876868,177.861645,177.844989,177.828643,177.812392,177.796677,177.782228,177.768939,177.756744,177.745364,177.733383,177.717762,177.695255,177.665621,177.633655,177.605863,177.582904,177.562417,177.544759,177.530529,177.518183,177.505281,177.489484,177.469241,177.446216,177.423625,177.402066,177.379893,177.355567,177.330458,177.308320,177.290784,177.276014,177.261649,177.246820,177.231368,177.214609,177.195609,177.173677,177.148642,177.121519,177.093489,177.064889,177.037127,177.013194,176.994672,176.980772,176.970115,176.961230,176.952341,176.941613,176.927563,176.909479,176.886697,176.857928,176.823460,176.787828,176.757298,176.734577,176.718337,176.706231,176.696105,176.686289,176.675971,176.664911,176.653001,176.639474,176.621918,176.596274,176.559472,176.515508,176.475069,176.445151,176.426262,176.415660,176.409944,176.406902,176.405622,176.405431,176.405425,176.404957,176.403981,176.402949,176.402293,176.402473,176.403792,176.406264,176.412787,176.432887,176.475342,176.528045,176.565862,176.585742,176.598386,176.606101,176.608470,176.608857,176.611753,176.617640,176.624931,176.633665,176.643169,176.651090,176.656885,176.662400,176.667784,176.670902,176.671017,176.668123,176.660992,176.650471,176.640785,176.632707,176.620294,176.598033,176.565717,176.522087,176.477097,176.456331,176.480557,176.549134,nan,nan,nan,nan,nan,nan,nan,nan,nan,nan,nan,nan,nan,nan
nan,nan,nan,nan,nan,nan,nan,nan,nan,nan,nan,nan,nan,177.816064,177.826390,177.837472,177.846662,177.850872,177.849879,177.848727,177.851997,177.858214,177.865397,177.875934,177.893563,177.917736,177.938061,177.947283,177.950455,177.952797,177.956356,177.962076,177.968036,177.972060,177.974517,177.976462,177.978069,177.979722,177.981515,177.983595,177.986170,177.989266,177.993835,177.999961,178.005108,178.008829,178.008903,177.998462,177.981114,177.966740,177.957172,177.952104,177.950100,177.946516,177.937677,177.923837,177.907680,177.890779,177.873874,177.858808,177.844933,177.830165,177.815644,177.802546,177.790321,177.778923,177.768298,177.757925,177.747603,177.736824,177.724148,177.706966,177.682721,177.652288,177.621071,177.594635,177.573198,177.554843,177.539423,177.526534,177.514098,177.499623,177.480981,177.457363,177.431599,177.407098,177.384447,177.362412,177.339480,177.316793,177.297447,177.281901,177.268042,177.254010,177.239107,177.222777,177.203885,177.181453,177.155174,177.125777,177.095764,177.067446,177.041397,177.018261,176.999218,176.984293,176.972272,176.962077,176.952747,176.942694,176.929858,176.912192,176.888333,176.858371,176.824205,176.789870,176.760014,176.736946,176.719911,176.706827,176.696156,176.686648,176.676957,176.665948,176.652434,176.634715,176.610064,176.575443,176.531302,176.485555,176.449446,176.426686,176.413450,176.405914,176.401945,176.400087,176.399606,176.400230,176.401473,176.402689,176.403739,176.405330,176.408986,176.416375,176.428791,176.445881,176.465737,176.491521,176.532782,176.588059,176.635306,176.658678,176.665504,176.667237,176.667159,176.665540,176.663180,176.661490,176.661057,176.661758,176.663665,176.666352,176.668786,176.670447,176.671556,176.672117,176.671851,176.670548,176.667617,176.662292,176.654925,176.646909,176.637778,176.622138,176.592245,176.547595,176.499416,176.468938,176.483936,176.558386,176.664401,176.757847,nan,nan,nan,nan,nan,nan,nan,nan,nan,nan,nan,nan,nan
nan,nan,nan,nan,nan,nan,nan,nan,nan,nan,nan,nan,nan,nan,177.863406,177.876289,177.881928,177.878837,177.871440,177.866722,177.867957,177.872156,177.876953,177.884466,177.896280,177.910810,177.923910,177.933596,177.940501,177.945375,177.949894,177.955091,177.959862,177.963488,177.966399,177.968670,177.969867,177.970340,177.970981,177.973010,177.976328,177.979299,177.982020,177.985954,177.989496,177.990163,177.986317,177.976967,177.964796,177.951966,177.938097,177.926003,177.917263,177.908293,177.895928,177.881350,177.866838,177.852299,177.837305,177.823306,177.810822,177.799225,177.788704,177.779454,177.771007,177.763009,177.754971,177.746364,177.737085,177.726492,177.712964,177.694189,177.668704,177.638545,177.609014,177.584634,177.565376,177.549304,177.535536,177.523174,177.509973,177.493276,177.471236,177.444475,177.416892,177.391103,177.367605,177.346107,177.325228,177.305226,177.288182,177.274002,177.260573,177.246209,177.230279,177.212171,177.190490,177.164084,177.133225,177.100198,177.069148,177.042824,177.020954,177.002692,176.987736,176.975500,176.964846,176.954754,176.944421,176.932337,176.916062,176.893047,176.862295,176.826746,176.792012,176.762464,176.739548,176.722318,176.708888,176.697546,176.687424,176.677794,176.667264,176.653617,176.633397,176.602288,176.558600,176.508654,176.464522,176.433832,176.415859,176.406030,176.400457,176.397316,176.395855,176.395589,176.396395,176.398238,176.400877,176.404439,176.410379,176.421772,176.442466,176.473768,176.512014,176.550028,176.581691,176.608365,176.634679,176.658624,176.673913,176.679663,176.680444,176.679697,176.678228,176.676232,176.673892,176.671777,176.670468,176.670073,176.670463,176.671331,176.672309,176.673139,176.673543,176.673118,176.671750,176.669475,176.665807,176.659951,176.651726,176.641391,176.628271,176.609706,176.581401,176.541818,176.502404,176.493315,176.546772,176.653378,176.756504,176.815674,nan,nan,nan,nan,nan,nan,nan,nan,nan,nan,nan,nan,nan
nan,nan,nan,nan,nan,nan,nan,nan,nan,nan,nan,nan,nan,nan,177.908199,177.918293,177.915010,177.899104,177.882277,177.873752,177.873383,177.875748,177.878711,177.884646,177.894611,177.905962,177.915292,177.923036,177.929602,177.934032,177.937457,177.941355,177.945644,177.950279,177.955146,177.959132,177.960747,177.960284,177.959999,177.962194,177.965921,177.967540,177.966826,177.967604,177.969927,177.969915,177.965094,177.955652,177.942897,177.926058,177.905565,177.886449,177.871354,177.858376,177.845963,177.834450,177.824076,177.813741,177.802783,177.792187,177.783036,177.775262,177.768106,177.761384,177.755061,177.748721,177.741705,177.733634,177.724458,177.713496,177.699121,177.679377,177.654006,177.625946,177.599554,177.577903,177.560731,177.546096,177.532884,177.520148,177.505540,177.486156,177.460619,177.431307,177.402803,177.376774,177.353281,177.332411,177.313205,177.295387,177.280060,177.266789,177.253475,177.238288,177.220508,177.199698,177.174563,177.144017,177.109348,177.074761,177.045165,177.022377,177.004813,176.990479,176.978373,176.967896,176.958090,176.947789,176.935987,176.920917,176.899508,176.869357,176.832298,176.795321,176.764479,176.741038,176.723615,176.710235,176.699095,176.688884,176.679011,176.668738,176.655969,176.636268,176.602667,176.551880,176.495894,176.452263,176.425249,176.410283,176.402198,176.397642,176.395029,176.393794,176.393665,176.394572,176.396795,176.400830,176.407710,176.420212,176.443613,176.482220,176.532065,176.580551,176.617888,176.642604,176.657184,176.666081,176.673019,176.678352,176.681085,176.681652,176.681272,176.680493,176.679297,176.677684,176.675744,176.673946,176.672847,176.672527,176.672746,176.673221,176.673791,176.674387,176.674699,176.674145,176.672477,176.669763,176.665697,176.659513,176.650713,176.639541,176.627175,176.613151,176.591183,176.558359,176.531433,176.550557,176.637618,176.745388,176.815065,176.834600,176.821952,nan,nan,nan,nan,nan,nan,nan,nan,nan,nan,nan,nan
nan,nan,nan,nan,nan,nan,nan,nan,nan,nan,nan,nan,nan,nan,177.895258,177.916505,177.916723,177.895935,177.874829,177.866543,177.867024,177.868619,177.870415,177.875150,177.883504,177.892198,177.898218,177.903559,177.908395,177.911218,177.913434,177.916844,177.922006,177.929042,177.936926,177.943577,177.946502,177.945519,177.943860,177.944650,177.946564,177.944778,177.938733,177.934211,177.932512,177.928817,177.921096,177.910450,177.896585,177.877357,177.855334,177.836603,177.822779,177.812564,177.804521,177.797245,177.790343,177.783582,177.776528,177.769334,177.762925,177.757528,177.752144,177.746485,177.740814,177.734676,177.727317,177.718555,177.708451,177.696551,177.681534,177.661813,177.638032,177.613608,177.591553,177.573206,177.557941,177.544140,177.530970,177.517426,177.501068,177.479023,177.450405,177.419075,177.390014,177.364281,177.341439,177.321306,177.303198,177.286731,177.272394,177.259512,177.245926,177.229595,177.209577,177.185426,177.156268,177.122079,177.085716,177.052345,177.025986,177.006848,176.992565,176.980841,176.970545,176.961143,176.951686,176.940739,176.926832,176.907513,176.879217,176.841515,176.801264,176.767368,176.742429,176.724340,176.710596,176.699454,176.689576,176.679945,176.669915,176.658061,176.640453,176.609332,176.557635,176.495849,176.448328,176.421513,176.407738,176.400516,176.396505,176.394197,176.393150,176.393364,176.394928,176.398464,176.405508,176.418386,176.440926,176.478058,176.530341,176.585921,176.628570,176.654363,176.668283,176.675343,176.678550,176.680211,176.681744,176.682883,176.683064,176.682482,176.681602,176.680669,176.679626,176.678366,176.676883,176.675433,176.674476,176.674239,176.674583,176.675185,176.675832,176.676448,176.676798,176.676375,176.674904,176.672389,176.668742,176.663756,176.657480,176.652380,176.655552,176.663772,176.653459,176.623199,176.608987,176.648642,176.734076,176.808113,176.838212,176.831855,176.809284,nan,nan,nan,nan,nan,nan,nan,nan,nan,nan,nan,nan
nan,nan,nan,nan,nan,nan,nan,nan,nan,nan,nan,nan,nan,nan,177.787649,177.827657,177.844576,177.836600,177.828366,177.831649,177.837245,177.838684,177.839330,177.843045,177.850312,177.857552,177.861987,177.866076,177.869599,177.871685,177.874308,177.878855,177.885896,177.895372,177.905560,177.914360,177.918755,177.916758,177.911366,177.906881,177.902854,177.895010,177.883144,177.873451,177.867057,177.859472,177.850461,177.841402,177.830921,177.817541,177.803821,177.793137,177.785923,177.781126,177.777045,177.772310,177.767209,177.762347,177.757402,177.751872,177.746358,177.741518,177.736530,177.730845,177.724743,177.717843,177.709399,177.699313,177.687847,177.675230,177.660730,177.642583,177.621467,177.600992,177.583221,177.568144,177.554711,177.541635,177.528419,177.514025,177.496250,177.472552,177.442160,177.409612,177.380174,177.354459,177.331936,177.312369,177.295030,177.279296,177.265238,177.252081,177.237666,177.219783,177.197115,177.169077,177.135862,177.099584,177.064340,177.034424,177.011835,176.995554,176.983277,176.973061,176.963813,176.954893,176.945177,176.932873,176.915766,176.890497,176.854340,176.811484,176.772829,176.744827,176.725720,176.711653,176.700123,176.689940,176.680325,176.670419,176.659045,176.643219,176.616002,176.568438,176.505433,176.452460,176.422087,176.407246,176.399982,176.396361,176.394757,176.394377,176.395160,176.398216,176.405276,176.419032,176.443405,176.480398,176.528383,176.580457,176.625111,176.654756,176.670644,176.678465,176.682359,176.684056,176.684370,176.684388,176.684857,176.685337,176.685194,176.684345,176.683171,176.682107,176.681241,176.680578,176.679986,176.679244,176.678670,176.678942,176.680135,176.681552,176.682783,176.683988,176.685073,176.685484,176.685020,176.683911,176.682762,176.682776,176.685283,176.695099,176.723294,176.758091,176.759747,176.732850,176.723231,176.751393,176.796706,176.827354,176.832107,176.817093,176.795677,176.783486,nan,nan,nan,nan,nan,nan,nan,nan,nan,nan,nan
nan,nan,nan,nan,nan,nan,nan,nan,nan,nan,nan,nan,nan,nan,177.641101,177.681947,177.709865,177.724489,177.743741,177.767414,177.780899,177.783631,177.784628,177.788369,177.795264,177.802824,177.808620,177.813745,177.817862,177.821358,177.826004,177.832155,177.840045,177.849295,177.858077,177.865271,177.868628,177.864565,177.854914,177.844646,177.834683,177.823147,177.810961,177.801995,177.795787,177.789548,177.784378,177.780945,177.777576,177.773452,177.769140,177.765184,177.762251,177.760211,177.757678,177.753859,177.749386,177.744981,177.740294,177.734543,177.728288,177.722790,177.717500,177.711281,177.704198,177.696275,177.686933,177.675924,177.663852,177.651849,177.639574,177.624370,177.606380,177.589321,177.574881,177.562423,177.550587,177.538200,177.524815,177.509583,177.490964,177.466767,177.436003,177.403213,177.373693,177.347582,177.324624,177.305125,177.288276,177.272968,177.258792,177.244792,177.228835,177.208680,177.182699,177.150468,177.114107,177.078017,177.046062,177.020483,177.001421,176.987283,176.976231,176.966837,176.958004,176.948845,176.937982,176.923109,176.900936,176.867889,176.825176,176.782534,176.749665,176.727925,176.713309,176.701931,176.691616,176.681541,176.671266,176.659649,176.644101,176.619117,176.576599,176.516842,176.460816,176.426135,176.408897,176.400458,176.396343,176.395471,176.398298,176.403795,176.410672,176.423256,176.448216,176.487697,176.537295,176.585806,176.624327,176.651031,176.667660,176.677118,176.682236,176.685248,176.687235,176.688245,176.688250,176.688024,176.688293,176.688797,176.688975,176.688620,176.688258,176.688619,176.689888,176.692205,176.695162,176.697618,176.699725,176.703070,176.707808,176.711913,176.714650,176.717586,176.721182,176.724083,176.725984,176.728244,176.732868,176.741516,176.753693,176.770275,176.797385,176.822894,176.820979,176.801577,176.792236,176.798057,176.808831,176.816236,176.815268,176.803947,176.790061,176.788373,176.800565,nan,nan,nan,nan,nan,nan,nan,nan,nan,nan
nan,nan,nan,nan,nan,nan,nan,nan,nan,nan,nan,nan,nan,nan,177.541535,177.568387,177.596179,177.625554,177.663236,177.699465,177.719413,177.727011,177.732132,177.737888,177.745115,177.754021,177.762605,177.769575,177.774740,177.779485,177.785132,177.791330,177.797917,177.804167,177.808405,177.810576,177.810643,177.806467,177.798103,177.788223,177.778246,177.768377,177.759880,177.754359,177.750776,177.747884,177.746495,177.746530,177.747040,177.747764,177.748088,177.746995,177.745089,177.743237,177.740725,177.736659,177.731395,177.725796,177.719627,177.712136,177.704411,177.698389,177.693327,177.687030,177.679407,177.671335,177.662436,177.651885,177.640550,177.630309,177.620797,177.608602,177.593552,177.579178,177.567030,177.556507,177.546109,177.534486,177.520990,177.504971,177.485499,177.460913,177.430491,177.398514,177.369554,177.343109,177.319287,177.299377,177.282687,177.267569,177.253100,177.237919,177.219672,177.196213,177.166187,177.130120,177.092306,177.058385,177.030709,177.009281,176.993136,176.980682,176.970536,176.961569,176.952624,176.942519,176.929399,176.910010,176.880131,176.838793,176.794313,176.757715,176.732273,176.715559,176.703813,176.693951,176.684126,176.673529,176.661380,176.645178,176.619588,176.578149,176.522313,176.468293,176.431495,176.411927,176.402242,176.397111,176.394941,176.398435,176.413632,176.439759,176.468277,176.503145,176.549940,176.596908,176.632585,176.655367,176.668409,176.675752,176.680335,176.683628,176.686238,176.688594,176.690855,176.692614,176.693491,176.694082,176.695217,176.697024,176.699343,176.702323,176.707170,176.715170,176.726139,176.739640,176.753919,176.765672,176.775029,176.784998,176.795424,176.802866,176.806864,176.810721,176.815400,176.818589,176.820180,176.822782,176.828052,176.834724,176.839741,176.842042,176.844151,176.842465,176.831224,176.817200,176.808374,176.803335,176.800154,176.801767,176.805280,176.803010,176.798360,176.803136,176.815311,176.824811,nan,nan,nan,nan,nan,nan,nan,nan,nan
nan,nan,nan,nan,nan,nan,nan,nan,nan,nan,nan,nan,nan,177.491709,177.502340,177.519169,177.543307,177.574339,177.612494,177.649058,177.672732,177.686029,177.695799,177.704293,177.713159,177.724152,177.734942,177.742934,177.748371,177.752923,177.757751,177.762476,177.766691,177.769597,177.769795,177.767787,177.765346,177.762517,177.757885,177.750826,177.742694,177.735533,177.730604,177.727794,177.726163,177.725499,177.725884,177.726619,177.727640,177.729414,177.730979,177.730443,177.727868,177.724817,177.721358,177.716086,177.708839,177.700724,177.691855,177.681954,177.673069,177.667646,177.664227,177.659380,177.652839,177.646220,177.639280,177.630580,177.621005,177.612753,177.605374,177.595485,177.582806,177.570377,177.559815,177.550802,177.541696,177.530810,177.517270,177.500507,177.479897,177.454642,177.425039,177.394903,177.367092,177.340409,177.315565,177.295030,177.278309,177.263117,177.248008,177.231262,177.210120,177.182464,177.148018,177.109392,177.072381,177.041874,177.018367,177.000323,176.986332,176.975094,176.965520,176.956557,176.946953,176.935132,176.918301,176.891791,176.852330,176.806026,176.766268,176.738531,176.719845,176.706714,176.696572,176.687240,176.677097,176.664873,176.648233,176.621642,176.578168,176.521386,176.469667,176.434855,176.414895,176.404289,176.398800,176.395994,176.396312,176.407933,176.448449,176.517193,176.578060,176.617383,176.645611,176.664131,176.674485,176.680208,176.683420,176.685252,176.686532,176.687957,176.689999,176.692860,176.696576,176.700964,176.705647,176.710772,176.716978,176.724940,176.735310,176.749002,176.767592,176.791201,176.816539,176.840580,176.860622,176.874166,176.883117,176.891103,176.898284,176.902831,176.904949,176.906525,176.907908,176.907693,176.905944,176.904286,176.903160,176.900652,176.894176,176.882494,176.867224,176.850396,176.834376,176.822251,176.813523,176.805725,176.799582,176.800193,176.806846,176.812220,176.815632,176.821737,176.828506,176.831882,nan,nan,nan,nan,nan,nan,nan,nan,nan
nan,nan,nan,nan,nan,nan,nan,nan,nan,nan,nan,nan,nan,177.470317,177.476682,177.488141,177.507516,177.534961,177.569282,177.605005,177.633112,177.651812,177.665574,177.677658,177.689932,177.703630,177.716047,177.724641,177.729990,177.733715,177.737090,177.739840,177.741303,177.740837,177.737522,177.732330,177.728132,177.726349,177.724795,177.720028,177.713047,177.708170,177.706692,177.706433,177.706408,177.707192,177.708374,177.708877,177.709170,177.710171,177.710960,177.709505,177.705413,177.700402,177.695159,177.688138,177.678975,177.668698,177.657779,177.646774,177.638227,177.634356,177.633382,177.631511,177.627832,177.623816,177.619273,177.612630,177.605028,177.598811,177.593200,177.585052,177.574143,177.563216,177.553954,177.546053,177.537819,177.527382,177.513620,177.496063,177.474478,177.448929,177.420622,177.392609,177.365836,177.338777,177.313019,177.291912,177.275063,177.259560,177.243318,177.224376,177.199720,177.167401,177.129041,177.089970,177.055976,177.029511,177.009507,176.993810,176.981051,176.970341,176.960794,176.951312,176.940405,176.925810,176.903234,176.867231,176.819947,176.775589,176.744432,176.724705,176.711185,176.700661,176.691387,176.681848,176.670405,176.654444,176.628306,176.583729,176.523479,176.469749,176.435718,176.416724,176.405923,176.400007,176.398044,176.400188,176.408568,176.436980,176.510915,176.606788,176.660405,176.676215,176.682063,176.685848,176.688490,176.690543,176.692278,176.693698,176.694904,176.696712,176.700264,176.706098,176.714545,176.726531,176.742252,176.760504,176.779976,176.800273,176.821585,176.844191,176.867597,176.889899,176.908356,176.922079,176.931374,176.936487,176.939154,176.941507,176.943771,176.945258,176.945896,176.945917,176.945281,176.943683,176.941132,176.938023,176.934237,176.928274,176.917596,176.900366,176.878845,176.857441,176.840326,176.829512,176.821664,176.813864,176.807311,176.806484,176.812479,176.821195,176.829332,176.834480,176.835873,176.834805,176.833234,nan,nan,nan,nan,nan,nan,nan,nan
nan,nan,nan,nan,nan,nan,nan,nan,nan,nan,nan,nan,nan,177.429982,177.430244,177.429949,177.433065,177.447456,177.477721,177.521857,177.567943,177.601631,177.623113,177.640671,177.658474,177.676539,177.691938,177.702486,177.708383,177.711437,177.713631,177.714492,177.712778,177.708139,177.700702,177.692524,177.687177,177.686409,177.687502,177.685049,177.679491,177.676892,177.678621,177.680782,177.682112,177.683669,177.685066,177.685397,177.685129,177.684818,177.683732,177.680470,177.674521,177.667306,177.659982,177.651748,177.642572,177.632960,177.623295,177.614503,177.608537,177.606605,177.607346,177.608013,177.607248,177.605722,177.603118,177.598112,177.592266,177.587919,177.583813,177.576974,177.567464,177.557941,177.549779,177.542419,177.534441,177.524110,177.510009,177.491712,177.469616,177.444411,177.417470,177.390985,177.364772,177.337436,177.311183,177.289594,177.272360,177.256387,177.238863,177.217269,177.188525,177.151597,177.110839,177.073496,177.043601,177.020984,177.003622,176.989326,176.976925,176.965914,176.955655,176.945062,176.932313,176.914042,176.884213,176.839002,176.789479,176.752092,176.728998,176.714787,176.704753,176.696133,176.687440,176.677390,176.663626,176.640580,176.598354,176.535211,176.475512,176.438507,176.418866,176.407774,176.401060,176.398522,176.403564,176.421112,176.454351,176.512343,176.596313,176.660939,176.684606,176.689189,176.690699,176.692848,176.695815,176.699566,176.704193,176.709793,176.716615,176.725488,176.737432,176.752691,176.771189,176.794331,176.821896,176.849789,176.873854,176.893247,176.909130,176.922281,176.932929,176.941388,176.947798,176.952335,176.955200,176.956435,176.956754,176.957221,176.957999,176.958753,176.959206,176.958988,176.957942,176.956257,176.954075,176.951359,176.947447,176.940558,176.928177,176.908961,176.886149,176.864432,176.847322,176.836835,176.829581,176.822162,176.815484,176.813604,176.818087,176.826499,176.834956,176.838095,176.836005,176.832866,176.831113,nan,nan,nan,nan,nan,nan,nan,nan
nan,nan,nan,nan,nan,nan,nan,nan,nan,nan,nan,nan,nan,177.340396,177.331087,177.308091,177.277962,177.266247,177.291567,177.359547,177.450151,177.519548,177.555485,177.577905,177.600449,177.623996,177.644909,177.660204,177.668688,177.672459,177.674703,177.674572,177.670161,177.661953,177.651935,177.642941,177.637806,177.637693,177.640333,177.640768,177.638733,177.639251,177.643338,177.646928,177.648646,177.649794,177.650735,177.651290,177.651300,177.650187,177.647563,177.643123,177.636446,177.628459,177.620637,177.613286,177.606745,177.600981,177.595722,177.591253,177.588588,177.588244,177.589553,177.591195,177.592122,177.592274,177.591004,177.587414,177.583103,177.579881,177.576454,177.570369,177.562004,177.553846,177.546696,177.539523,177.531175,177.520425,177.505938,177.487198,177.465045,177.440549,177.414649,177.388777,177.362714,177.335484,177.309286,177.287371,177.269524,177.252927,177.234185,177.209961,177.177208,177.136619,177.095420,177.060984,177.034881,177.015171,176.999394,176.985618,176.972908,176.960965,176.949395,176.937266,176.922407,176.900191,176.863613,176.813109,176.766381,176.735952,176.718192,176.707197,176.699208,176.691845,176.683657,176.672975,176.655416,176.620516,176.558704,176.490097,176.445401,176.422891,176.410832,176.403191,176.398486,176.400202,176.419663,176.469666,176.544619,176.615620,176.661147,176.682336,176.689178,176.691256,176.693481,176.697468,176.704034,176.714333,176.729394,176.749274,176.772918,176.798192,176.822910,176.845400,176.865041,176.884212,176.903793,176.920795,176.932994,176.941378,176.947594,176.952253,176.955899,176.959127,176.962068,176.964405,176.965795,176.966300,176.966419,176.966620,176.967038,176.967668,176.968209,176.968032,176.967010,176.965688,176.964274,176.962406,176.958905,176.951639,176.938309,176.918509,176.896199,176.875492,176.857846,176.844829,176.835668,176.828675,176.824314,176.824506,176.828108,176.833022,176.837486,176.836927,176.832042,176.828115,176.827261,nan,nan,nan,nan,nan,nan,nan,nan
nan,nan,nan,nan,nan,nan,nan,nan,nan,nan,nan,nan,nan,177.167923,177.153661,177.114563,177.059220,177.030291,177.062282,177.168393,177.314414,177.424087,177.473937,177.497164,177.518821,177.543491,177.568387,177.589337,177.602834,177.609862,177.613722,177.614124,177.610083,177.603208,177.596135,177.590523,177.587378,177.587504,177.590231,177.593053,177.595278,177.598768,177.603623,177.607121,177.608370,177.608607,177.608919,177.609658,177.610197,177.609373,177.606889,177.603025,177.597842,177.592059,177.586730,177.582115,177.578704,177.576847,177.575932,177.575212,177.574885,177.575409,177.576777,177.578567,177.580285,177.581502,177.581136,177.578751,177.575775,177.573212,177.569997,177.564386,177.556985,177.550025,177.543791,177.536600,177.527311,177.515560,177.500670,177.482087,177.460601,177.437162,177.412034,177.386065,177.359577,177.332344,177.306515,177.284674,177.266284,177.248656,177.228206,177.201283,177.165238,177.122786,177.083077,177.051972,177.028800,177.010841,176.995578,176.981492,176.967979,176.954846,176.941927,176.928368,176.911445,176.885505,176.844158,176.792859,176.750850,176.725342,176.710602,176.701266,176.694216,176.687463,176.679533,176.667636,176.643506,176.591429,176.515554,176.457144,176.428254,176.414534,176.406459,176.400500,176.396627,176.402017,176.438801,176.526359,176.625352,176.673632,176.684753,176.687862,176.689858,176.692075,176.696189,176.704537,176.720378,176.746806,176.782656,176.821234,176.855738,176.883015,176.903225,176.917474,176.927212,176.935404,176.943468,176.950234,176.954982,176.958383,176.961120,176.963533,176.966215,176.969592,176.973354,176.976594,176.978626,176.979690,176.980291,176.980452,176.980474,176.980857,176.981313,176.981094,176.980389,176.980204,176.980534,176.980312,176.978301,176.973697,176.966515,176.956944,176.944152,176.926668,176.902590,176.875080,176.853546,176.842720,176.840809,176.843704,176.845550,176.844518,176.842150,176.836839,176.829618,176.825187,176.824839,nan,nan,nan,nan,nan,nan,nan,nan
nan,nan,nan,nan,nan,nan,nan,nan,nan,nan,nan,nan,nan,176.942605,176.933423,176.904056,176.861530,176.847737,176.904014,177.045999,177.224687,177.350788,177.403602,177.424632,177.442852,177.464545,177.489174,177.513895,177.533603,177.545965,177.552536,177.554797,177.554162,177.552457,177.550940,177.549674,177.548824,177.549485,177.551984,177.555229,177.558767,177.562843,177.566908,177.569714,177.570950,177.571216,177.571431,177.572030,177.572739,177.572795,177.571484,177.568860,177.565670,177.562961,177.561048,177.559119,177.557558,177.557747,177.559404,177.560955,177.561872,177.562724,177.563945,177.565535,177.567553,177.569572,177.570140,177.569045,177.567523,177.565948,177.563325,177.558458,177.552038,177.545788,177.539602,177.531634,177.521145,177.508594,177.493806,177.476309,177.456456,177.434404,177.409736,177.382958,177.355092,177.327327,177.302190,177.281043,177.262274,177.242961,177.219703,177.189383,177.150735,177.108730,177.072579,177.045245,177.024313,177.007113,176.991486,176.976457,176.961870,176.947625,176.933696,176.919073,176.900308,176.871211,176.827232,176.777759,176.740311,176.718111,176.705177,176.696722,176.689970,176.683257,176.674958,176.660226,176.624883,176.553323,176.476939,176.435073,176.417383,176.408837,176.403218,176.398058,176.393237,176.397618,176.443301,176.548293,176.643285,176.680195,176.686610,176.687768,176.689875,176.693998,176.702847,176.722261,176.758528,176.808467,176.856441,176.891186,176.913416,176.927711,176.937427,176.944153,176.948926,176.953231,176.957661,176.961680,176.965062,176.968076,176.971052,176.974468,176.979056,176.985133,176.992099,176.998676,177.003566,177.006317,177.007322,177.006856,177.005913,177.005812,177.006377,177.006686,177.007337,177.009906,177.013805,177.016646,177.018186,177.023679,177.044334,177.083962,177.117318,177.115023,177.068022,176.987626,176.915696,176.879024,176.869123,176.868410,176.866063,176.860426,176.852847,176.843203,176.833734,176.828102,176.826642,nan,nan,nan,nan,nan,nan,nan,nan
nan,nan,nan,nan,nan,nan,nan,nan,nan,nan,nan,nan,nan,176.764960,176.762979,176.754279,176.742541,176.754672,176.829536,176.986438,177.173689,177.300966,177.351454,177.370193,177.386121,177.405129,177.428320,177.455490,177.481271,177.499762,177.510392,177.515864,177.518949,177.521081,177.522579,177.523243,177.523364,177.524093,177.525746,177.527547,177.529628,177.532448,177.535504,177.538205,177.540329,177.541777,177.542857,177.543739,177.544520,177.544958,177.544204,177.542251,177.540296,177.539586,177.539905,177.539628,177.538817,177.539465,177.542005,177.544636,177.546162,177.547129,177.548282,177.549847,177.552174,177.554953,177.556718,177.557174,177.557157,177.556717,177.554919,177.550914,177.545250,177.538899,177.531511,177.522072,177.510955,177.498763,177.485091,177.469443,177.451668,177.430933,177.406276,177.378102,177.348325,177.320040,177.296040,177.275956,177.256882,177.235423,177.208262,177.173485,177.132903,177.093836,177.062999,177.039756,177.020728,177.003730,176.987253,176.970985,176.955254,176.940050,176.925291,176.909661,176.889080,176.857326,176.812293,176.765778,176.732229,176.712365,176.700696,176.692886,176.686250,176.679217,176.669590,176.649077,176.597094,176.511987,176.448024,176.420671,176.409713,176.404094,176.399851,176.394656,176.388116,176.393946,176.452303,176.558007,176.640618,176.675887,176.684693,176.687184,176.691401,176.701154,176.722886,176.765225,176.824877,176.878893,176.912664,176.930290,176.939633,176.945578,176.950202,176.954076,176.957708,176.961852,176.966623,176.971645,176.976784,176.982271,176.988659,176.996712,177.006968,177.018973,177.031784,177.044056,177.053375,177.057904,177.058365,177.056328,177.053847,177.053338,177.055222,177.058296,177.062672,177.069438,177.076907,177.081502,177.085010,177.101696,177.160025,177.271747,177.381434,177.418713,177.353673,177.193270,177.026649,176.933985,176.903245,176.893791,176.886645,176.879853,176.872057,176.860092,176.847340,176.838399,176.833424,nan,nan,nan,nan,nan,nan,nan,nan
nan,nan,nan,nan,nan,nan,nan,nan,nan,nan,nan,nan,nan,176.671711,176.673821,176.675973,176.679852,176.700796,176.771751,176.920681,177.111036,177.249728,177.307318,177.327403,177.342316,177.359612,177.381454,177.409555,177.439526,177.463610,177.479275,177.489014,177.495689,177.500177,177.502609,177.503467,177.503401,177.503133,177.502753,177.501925,177.501544,177.502868,177.505633,177.509068,177.512716,177.516099,177.518828,177.520503,177.521229,177.521130,177.519889,177.518151,177.517372,177.518257,177.519856,177.520349,177.519600,177.519703,177.521854,177.524603,177.526333,177.527469,177.528995,177.531226,177.534349,177.537942,177.540835,177.542629,177.543625,177.543747,177.542326,177.538717,177.533161,177.526187,177.517523,177.507211,177.496609,177.486016,177.474462,177.461098,177.445210,177.425325,177.400198,177.370461,177.339210,177.311035,177.288195,177.268862,177.249376,177.225674,177.194038,177.154387,177.113211,177.079040,177.054098,177.034778,177.017497,177.000566,176.983303,176.966025,176.949300,176.933158,176.917348,176.900206,176.877189,176.842636,176.797541,176.754871,176.725129,176.707256,176.696547,176.689174,176.682526,176.674807,176.662428,176.632024,176.561159,176.476138,176.429564,176.411941,176.404484,176.400130,176.396253,176.391504,176.392129,176.427137,176.510522,176.597836,176.653948,176.677761,176.684489,176.688425,176.698475,176.723275,176.770875,176.835306,176.892137,176.926246,176.942568,176.949834,176.953430,176.956223,176.959300,176.962797,176.967359,176.973910,176.982378,176.992235,177.003240,177.015599,177.030012,177.046915,177.065557,177.083865,177.100547,177.114623,177.124022,177.127643,177.126846,177.123797,177.120986,177.121179,177.125300,177.131910,177.139435,177.147005,177.152677,177.154015,177.153830,177.167608,177.229255,177.364178,177.524508,177.614912,177.570087,177.366617,177.119038,176.976902,176.930724,176.917220,176.908836,176.902624,176.897097,176.886201,176.870461,176.855588,176.844238,nan,nan,nan,nan,nan,nan,nan,nan
nan,nan,nan,nan,nan,nan,nan,nan,nan,nan,nan,nan,nan,176.614641,176.617938,176.621687,176.628066,176.647905,176.706894,176.838194,177.026633,177.183374,177.258761,177.286083,177.302141,177.318935,177.339527,177.366373,177.397331,177.425392,177.446355,177.461168,177.472033,177.479197,177.482605,177.483529,177.482979,177.481049,177.477754,177.473842,177.471208,177.471571,177.474621,177.479217,177.484501,177.489541,177.493441,177.495593,177.496031,177.494980,177.493001,177.491766,177.492627,177.495207,177.497827,177.498885,177.498239,177.497727,177.498815,177.500756,177.502322,177.503847,177.506211,177.509607,177.513805,177.518074,177.521597,177.524089,177.525389,177.525331,177.523657,177.519943,177.514208,177.507014,177.498409,177.488871,177.479895,177.471511,177.462461,177.451452,177.437144,177.417634,177.391548,177.360206,177.328248,177.300875,177.279056,177.259975,177.239730,177.213661,177.177754,177.134553,177.094805,177.065805,177.045605,177.029322,177.013581,176.996935,176.979379,176.961623,176.944220,176.927148,176.909815,176.890155,176.863493,176.825807,176.781758,176.743912,176.718329,176.702570,176.692676,176.685448,176.678451,176.669322,176.651907,176.607134,176.522356,176.450218,176.418925,176.407050,176.401171,176.397070,176.393753,176.396807,176.431529,176.511859,176.591760,176.644735,176.672284,176.682672,176.686803,176.695692,176.721479,176.774727,176.844867,176.901957,176.935074,176.951821,176.960082,176.964113,176.966571,176.969669,176.974719,176.982215,176.992874,177.007386,177.025192,177.045095,177.065931,177.086623,177.106748,177.126243,177.144390,177.159618,177.171497,177.180002,177.184623,177.185596,177.184007,177.181261,177.179413,177.180657,177.185546,177.192241,177.198330,177.202560,177.204184,177.202380,177.198454,177.200832,177.236644,177.348586,177.523447,177.655820,177.641552,177.427009,177.146066,176.993440,176.947761,176.936377,176.929953,176.924056,176.919166,176.910632,176.894846,176.874581,176.855780,nan,nan,nan,nan,nan,nan,nan,nan
nan,nan,nan,nan,nan,nan,nan,nan,nan,nan,nan,nan,nan,176.565877,176.568411,176.570560,176.577574,176.601746,176.661110,176.781657,176.958034,177.116089,177.202201,177.238089,177.258387,177.277036,177.297375,177.321566,177.350064,177.379078,177.404027,177.423658,177.438884,177.449351,177.454688,177.456571,177.456241,177.453188,177.447451,177.441351,177.437804,177.438095,177.441552,177.447122,177.453543,177.459076,177.462706,177.464504,177.464624,177.462988,177.460938,177.461006,177.463802,177.467804,177.471205,177.473057,177.473387,177.473323,177.473862,177.475074,177.476661,177.478662,177.481646,177.485895,177.490810,177.495307,177.498846,177.501377,177.502450,177.501794,177.499565,177.495730,177.490341,177.483974,177.476918,177.469696,177.463230,177.457086,177.450002,177.440605,177.427135,177.407299,177.379743,177.347001,177.315285,177.289478,177.268982,177.250171,177.228975,177.200530,177.161415,177.117000,177.079748,177.054338,177.036747,177.022310,177.007903,176.991966,176.974687,176.956891,176.939094,176.921100,176.901624,176.878036,176.846445,176.806089,176.764884,176.732861,176.711751,176.698196,176.688945,176.681497,176.673590,176.661756,176.635893,176.574103,176.487334,176.433609,176.413027,176.404335,176.399081,176.395168,176.395949,176.424858,176.510361,176.599784,176.650043,176.673603,176.683435,176.687691,176.695354,176.720076,176.775436,176.850790,176.910378,176.941869,176.957511,176.967483,176.975456,176.982395,176.989548,176.999622,177.015254,177.036647,177.061165,177.086373,177.111108,177.133961,177.153516,177.169303,177.181941,177.192853,177.202800,177.211028,177.217108,177.220948,177.222292,177.221649,177.219889,177.217662,177.216358,177.217772,177.222008,177.226900,177.230285,177.231668,177.231207,177.228742,177.224186,177.219708,177.233515,177.317385,177.485575,177.625511,177.608802,177.390827,177.125653,176.995169,176.958550,176.949644,176.944045,176.937097,176.930778,176.923262,176.908557,176.885025,176.860217,nan,nan,nan,nan,nan,nan,nan,nan
nan,nan,nan,nan,nan,nan,nan,nan,nan,nan,nan,nan,nan,176.533731,176.535636,176.537849,176.553060,176.600782,176.684945,176.803858,176.948228,177.071560,177.143486,177.180726,177.206251,177.229637,177.252884,177.276376,177.301331,177.327559,177.352241,177.372958,177.389544,177.401781,177.409258,177.413175,177.414534,177.412432,177.406992,177.401595,177.399452,177.400992,177.405260,177.411612,177.418521,177.423503,177.425863,177.426904,177.426973,177.425518,177.424314,177.426296,177.431104,177.436286,177.440357,177.443340,177.445601,177.447409,177.448986,177.450776,177.452906,177.455061,177.457859,177.462092,177.466962,177.471075,177.474051,177.476138,177.476917,177.475962,177.473655,177.470489,177.466512,177.461806,177.456712,177.451860,177.447592,177.443023,177.436850,177.427683,177.413551,177.392169,177.363036,177.330303,177.300547,177.277137,177.258383,177.240246,177.218368,177.187938,177.146726,177.102338,177.067100,177.043549,177.027112,177.013690,177.000368,176.985464,176.969015,176.951625,176.933572,176.914295,176.891657,176.862567,176.825432,176.784212,176.748064,176.722528,176.705784,176.694129,176.685121,176.676952,176.667183,176.650101,176.610804,176.534692,176.459849,176.423649,176.409932,176.403154,176.398687,176.397443,176.412139,176.480604,176.586872,176.653027,176.677713,176.685635,176.689423,176.696850,176.720207,176.774729,176.851974,176.914168,176.946104,176.960451,176.970074,176.981259,176.996791,177.016832,177.040248,177.067778,177.100066,177.132873,177.159584,177.179128,177.194115,177.205253,177.212627,177.217713,177.222104,177.227023,177.232905,177.238820,177.243587,177.246464,177.247144,177.246222,177.244540,177.242420,177.240884,177.241560,177.244445,177.247546,177.249168,177.249180,177.247964,177.245714,177.242101,177.236741,177.241742,177.306064,177.453449,177.569302,177.522602,177.312664,177.095249,176.995548,176.966688,176.957456,176.950239,176.941450,176.932962,176.924422,176.908534,176.881156,176.851253,nan,nan,nan,nan,nan,nan,nan,nan
nan,nan,nan,nan,nan,nan,nan,nan,nan,nan,nan,nan,nan,176.524292,176.527363,176.533814,176.566231,176.651716,176.771724,176.883777,176.976828,177.044987,177.087510,177.117219,177.144234,177.172496,177.201930,177.229442,177.254179,177.277474,177.298542,177.315362,177.328159,177.338369,177.346333,177.352112,177.355893,177.356705,177.354965,177.353743,177.355234,177.359255,177.364965,177.371998,177.378776,177.382891,177.384401,177.385259,177.385796,177.385520,177.386099,177.390017,177.396608,177.403219,177.408483,177.413086,177.417719,177.422022,177.425621,177.428797,177.431675,177.434040,177.436582,177.440240,177.444290,177.447477,177.449587,177.451105,177.451937,177.451494,177.450007,177.448221,177.446028,177.442887,177.439065,177.435296,177.431688,177.427278,177.420670,177.410250,177.394072,177.370744,177.341615,177.311695,177.285824,177.265288,177.248206,177.230793,177.208448,177.176330,177.133417,177.089078,177.055096,177.032655,177.016964,177.004194,176.991749,176.978064,176.962890,176.946290,176.927873,176.906361,176.879003,176.843275,176.801790,176.762776,176.733167,176.713553,176.700264,176.689944,176.680839,176.671413,176.657989,176.630627,176.572613,176.493428,176.439810,176.417512,176.408464,176.403598,176.402360,176.413705,176.461747,176.554909,176.636595,176.675433,176.687127,176.690507,176.696897,176.718815,176.771830,176.849251,176.913581,176.947308,176.961731,176.970040,176.980418,176.999612,177.032859,177.076349,177.119013,177.155794,177.187081,177.211006,177.225517,177.233343,177.238219,177.240870,177.241458,177.241680,177.243292,177.247503,177.254865,177.264043,177.271943,177.276465,177.277783,177.277048,177.275236,177.272506,177.269089,177.266172,177.264954,177.264889,177.264641,177.263700,177.262176,177.260503,177.258743,177.256218,177.262898,177.321775,177.451166,177.536611,177.460807,177.261257,177.081983,177.000667,176.973277,176.961242,176.951719,176.941598,176.931277,176.920019,176.899766,176.866646,176.831913,nan,nan,nan,nan,nan,nan,nan,nan
nan,nan,nan,nan,nan,nan,nan,nan,nan,nan,nan,nan,nan,176.534993,176.540040,176.550410,176.591694,176.692574,176.824598,176.925037,176.983355,177.016341,177.036670,177.054989,177.076622,177.104333,177.138443,177.172926,177.202374,177.227017,177.247075,177.261587,177.271854,177.280386,177.287988,177.294377,177.299414,177.302574,177.304663,177.307536,177.312001,177.317813,177.324368,177.331134,177.336826,177.340171,177.341940,177.343568,177.345279,177.347151,177.350228,177.355835,177.363493,177.371192,177.377814,177.384222,177.391038,177.397461,177.402923,177.407620,177.411755,177.415290,177.418387,177.421503,177.424312,177.426229,177.427270,177.427988,177.428698,177.428986,177.428734,177.428369,177.427518,177.425228,177.421661,177.417678,177.413273,177.407519,177.399064,177.386422,177.368402,177.345147,177.319123,177.294233,177.272950,177.255210,177.239287,177.221999,177.198835,177.164945,177.120427,177.076136,177.043196,177.021727,177.006691,176.994381,176.982690,176.970274,176.956482,176.940678,176.921449,176.896367,176.862505,176.820249,176.777846,176.744126,176.720968,176.705652,176.694470,176.684879,176.675415,176.663842,176.643416,176.598969,176.524805,176.458960,176.426472,176.413697,176.408218,176.406371,176.414163,176.455480,176.544599,176.625147,176.666933,176.684285,176.690039,176.694911,176.712143,176.761265,176.840984,176.909735,176.946237,176.962034,176.970330,176.978545,176.994021,177.027657,177.082951,177.141275,177.183913,177.212249,177.233074,177.248009,177.256812,177.261559,177.264560,177.266143,177.266550,177.267379,177.270640,177.279291,177.295976,177.317560,177.335342,177.344243,177.345885,177.343725,177.340466,177.335896,177.326866,177.312957,177.299387,177.289721,177.283335,177.279175,177.276979,177.277449,177.282160,177.292710,177.319718,177.395961,177.515038,177.563965,177.457258,177.254104,177.086572,177.009630,176.980060,176.964455,176.952286,176.940944,176.929415,176.914644,176.887469,176.847528,176.809627,nan,nan,nan,nan,nan,nan,nan,nan
nan,nan,nan,nan,nan,nan,nan,nan,nan,nan,nan,nan,nan,176.560814,176.567291,176.577487,176.608797,176.684428,176.790797,176.883441,176.945809,176.979421,176.993857,177.003758,177.016794,177.036664,177.066482,177.102710,177.137366,177.167488,177.192582,177.212090,177.227093,177.239002,177.248321,177.255459,177.260969,177.265179,177.268985,177.273116,177.277804,177.283333,177.289346,177.294807,177.298831,177.301585,177.304066,177.306670,177.309494,177.313101,177.318078,177.324823,177.332791,177.340616,177.347774,177.355259,177.363506,177.371535,177.378808,177.385506,177.391848,177.397550,177.401878,177.404766,177.406477,177.407128,177.406946,177.406525,177.406424,177.406614,177.406948,177.407432,177.407275,177.405110,177.401035,177.396186,177.390442,177.382625,177.371735,177.357464,177.339927,177.319878,177.299017,177.279428,177.262202,177.246784,177.231490,177.213583,177.188890,177.152928,177.107106,177.063319,177.031617,177.011056,176.996566,176.984660,176.973610,176.962267,176.949582,176.934127,176.913243,176.883111,176.841718,176.795343,176.756331,176.729284,176.711266,176.698520,176.688186,176.678508,176.667797,176.651834,176.619125,176.555322,176.481485,176.437126,176.418815,176.411608,176.409249,176.413113,176.439501,176.519198,176.617359,176.666374,176.682404,176.688138,176.691979,176.703005,176.740810,176.819602,176.899726,176.943350,176.961420,176.970631,176.978815,176.990664,177.015662,177.066650,177.134670,177.189054,177.220670,177.240452,177.257065,177.272340,177.285194,177.294856,177.301943,177.307576,177.312753,177.318892,177.328178,177.345867,177.376136,177.411784,177.438483,177.450308,177.450908,177.446076,177.440783,177.434546,177.420471,177.395423,177.366154,177.339570,177.318062,177.303800,177.299442,177.307415,177.331692,177.376520,177.441970,177.529397,177.608318,177.593531,177.445696,177.239535,177.085574,177.015356,176.986438,176.968735,176.953881,176.941040,176.928644,176.910425,176.875132,176.828435,176.789664,nan,nan,nan,nan,nan,nan,nan,nan
nan,nan,nan,nan,nan,nan,nan,nan,nan,nan,nan,nan,nan,176.595034,176.601884,176.610702,176.627588,176.664423,176.725596,176.805605,176.886309,176.937694,176.958265,176.967131,176.975489,176.987308,177.006175,177.033154,177.064900,177.098360,177.131278,177.161101,177.186171,177.205556,177.219232,177.228446,177.234896,177.239865,177.244172,177.247966,177.251604,177.255997,177.261054,177.265401,177.268398,177.270979,177.273952,177.276964,177.279952,177.283739,177.289016,177.295871,177.303496,177.310766,177.317548,177.324985,177.333588,177.342458,177.351174,177.359993,177.369011,177.377358,177.383376,177.386684,177.388009,177.387816,177.386508,177.384943,177.383765,177.383019,177.382694,177.382742,177.382167,177.379424,177.374609,177.369023,177.362313,177.353010,177.341006,177.327648,177.313506,177.298295,177.282452,177.267140,177.252857,177.238875,177.223615,177.204538,177.177691,177.139496,177.093119,177.050694,177.020577,177.000939,176.986946,176.975411,176.964853,176.954245,176.942165,176.926282,176.902541,176.866064,176.818099,176.771934,176.739084,176.718106,176.703610,176.692160,176.681731,176.670873,176.656940,176.632361,176.582573,176.509435,176.452261,176.425389,176.414693,176.410759,176.411968,176.426515,176.481908,176.584416,176.657499,176.681823,176.687652,176.689919,176.695721,176.719503,176.785270,176.876939,176.936247,176.960054,176.970513,176.979543,176.991846,177.012084,177.050726,177.114116,177.179137,177.220783,177.243617,177.261336,177.281860,177.306447,177.331213,177.350840,177.364687,177.375937,177.386680,177.398289,177.413086,177.435812,177.467993,177.500315,177.521356,177.529428,177.528952,177.524352,177.519301,177.513661,177.502226,177.481621,177.454097,177.422232,177.388485,177.361456,177.355479,177.379233,177.432623,177.511715,177.593832,177.655312,177.669254,177.580798,177.389798,177.191723,177.066562,177.011949,176.988525,176.971679,176.955685,176.942033,176.929013,176.908502,176.867980,176.817247,176.778395,nan,nan,nan,nan,nan,nan,nan,nan
nan,nan,nan,nan,nan,nan,nan,nan,nan,nan,nan,nan,nan,176.627110,176.633668,176.642435,176.653341,176.669147,176.698047,176.753943,176.829857,176.890073,176.921821,176.937863,176.948636,176.958591,176.970667,176.987003,177.008819,177.037067,177.071018,177.107162,177.141051,177.168860,177.188782,177.201699,177.210000,177.215893,177.220513,177.224189,177.227550,177.231632,177.236462,177.240746,177.243915,177.246858,177.250051,177.252969,177.255555,177.258687,177.263263,177.269312,177.275903,177.282202,177.288238,177.295014,177.302998,177.311435,177.320233,177.330002,177.340809,177.351284,177.359153,177.363703,177.365593,177.365310,177.363553,177.361549,177.359855,177.358208,177.356573,177.355084,177.352984,177.349104,177.343674,177.337826,177.331107,177.322264,177.311966,177.301994,177.292276,177.281381,177.269172,177.256614,177.243896,177.230222,177.214214,177.193413,177.164024,177.123810,177.077948,177.037896,177.009819,176.991355,176.978002,176.966804,176.956494,176.946159,176.933999,176.916707,176.888812,176.845559,176.794059,176.751963,176.725603,176.709187,176.696929,176.686046,176.674972,176.661834,176.642021,176.604325,176.539710,176.473408,176.435107,176.418629,176.412073,176.410747,176.417286,176.449667,176.536001,176.632207,176.675293,176.686493,176.689162,176.691859,176.704119,176.748812,176.838687,176.920178,176.956936,176.970449,176.979731,176.993279,177.015639,177.050602,177.102223,177.164290,177.214615,177.244265,177.263969,177.286018,177.316756,177.354499,177.389825,177.414892,177.431382,177.444659,177.457249,177.470977,177.488156,177.509823,177.533725,177.553147,177.563066,177.565714,177.564776,177.561445,177.556933,177.552053,177.545352,177.535525,177.522487,177.504936,177.481677,177.460054,177.460339,177.494753,177.552858,177.621598,177.682283,177.714206,177.690167,177.559366,177.339120,177.146285,177.043781,177.002891,176.985950,176.972152,176.956914,176.943222,176.929846,176.909432,176.869562,176.818699,176.778811,nan,nan,nan,nan,nan,nan,nan,nan
nan,nan,nan,nan,nan,nan,nan,nan,nan,nan,nan,nan,nan,176.646581,176.653164,176.662580,176.673013,176.683611,176.699342,176.731196,176.781506,176.834538,176.876219,176.904999,176.924532,176.938850,176.951197,176.963763,176.978637,176.998333,177.024324,177.055615,177.089309,177.120967,177.146450,177.164053,177.175115,177.182496,177.188225,177.193329,177.198442,177.204091,177.210322,177.216165,177.220895,177.225004,177.228827,177.231993,177.234569,177.237408,177.241414,177.246546,177.251922,177.257076,177.262252,177.268158,177.275008,177.282183,177.289854,177.298911,177.309466,177.320137,177.328880,177.334799,177.337937,177.338542,177.337587,177.336396,177.335201,177.333366,177.330831,177.327979,177.324421,177.319627,177.314070,177.308601,177.302951,177.296303,177.289129,177.282496,177.275908,177.267760,177.257757,177.246594,177.234259,177.219946,177.202322,177.179005,177.146709,177.105006,177.060917,177.024433,176.999109,176.982191,176.969677,176.958806,176.948377,176.937557,176.924310,176.904491,176.871584,176.822811,176.771809,176.735656,176.714575,176.701149,176.690211,176.679463,176.667350,176.650877,176.622571,176.570443,176.501363,176.449831,176.424555,176.413762,176.409879,176.411301,176.426197,176.483607,176.587992,176.659449,176.682500,176.687964,176.689963,176.695505,176.720621,176.791434,176.887593,176.946590,176.968720,176.979656,176.993170,177.017542,177.056595,177.106584,177.159904,177.207624,177.242015,177.265216,177.287414,177.317655,177.358303,177.402709,177.438972,177.462313,177.478072,177.492030,177.506635,177.524372,177.546195,177.567062,177.582310,177.591347,177.594017,177.593412,177.591663,177.587618,177.581059,177.573349,177.566067,177.560627,177.556838,177.552664,177.546283,177.540764,177.547076,177.571362,177.605391,177.644639,177.687838,177.717722,177.695087,177.565481,177.341547,177.140719,177.036189,176.997150,176.982658,176.970840,176.956477,176.942959,176.930185,176.913061,176.879342,176.831691,176.789709,nan,nan,nan,nan,nan,nan,nan,nan
nan,nan,nan,nan,nan,nan,nan,nan,nan,nan,nan,nan,nan,176.648384,176.657397,176.668740,176.680384,176.690374,176.701130,176.718604,176.746398,176.782699,176.822373,176.859352,176.889718,176.913295,176.931847,176.947245,176.961544,176.976846,176.994496,177.015015,177.038583,177.063979,177.088309,177.107806,177.121239,177.130907,177.139170,177.147503,177.156460,177.165996,177.176025,177.185615,177.193751,177.200711,177.206761,177.211518,177.215128,177.218523,177.222600,177.227339,177.232016,177.236410,177.240908,177.245968,177.251640,177.257491,177.263705,177.271119,177.279938,177.289160,177.297414,177.303985,177.308481,177.310662,177.311262,177.311373,177.311015,177.309563,177.307078,177.304029,177.300176,177.295344,177.290201,177.285572,177.281367,177.276840,177.271931,177.267099,177.261865,177.254971,177.246042,177.235272,177.222447,177.206691,177.186523,177.159759,177.124370,177.082412,177.041948,177.010417,176.988679,176.973635,176.961896,176.951083,176.940019,176.927794,176.912179,176.888518,176.850444,176.799304,176.752701,176.722709,176.705345,176.693633,176.683329,176.672359,176.658715,176.637601,176.598757,176.535805,176.472810,176.435153,176.417527,176.409978,176.408072,176.412864,176.440252,176.525104,176.627267,176.673459,176.685809,176.688930,176.691407,176.702640,176.747476,176.840542,176.923703,176.960468,176.975117,176.988836,177.013486,177.056639,177.112092,177.164394,177.206541,177.239012,177.264235,177.287485,177.316472,177.355285,177.400178,177.442714,177.475257,177.497529,177.515413,177.533488,177.554354,177.580518,177.609373,177.629274,177.635378,177.635163,177.633628,177.632869,177.631510,177.625696,177.612836,177.594657,177.578761,177.570607,177.568620,177.569063,177.569859,177.571491,177.576752,177.587289,177.602274,177.626215,177.666117,177.707110,177.703317,177.601505,177.395960,177.178442,177.049004,176.999344,176.981435,176.968283,176.953832,176.940843,176.929661,176.917229,176.892016,176.850077,176.806968,nan,nan,nan,nan,nan,nan,nan,nan
nan,nan,nan,nan,nan,nan,nan,nan,nan,nan,nan,nan,nan,176.629843,176.644796,176.661163,176.676750,176.689236,176.699701,176.711442,176.726572,176.746081,176.770848,176.800526,176.832868,176.864861,176.893792,176.918464,176.939603,176.957884,176.973279,176.986626,176.999881,177.014532,177.030540,177.045663,177.058076,177.068527,177.078375,177.088832,177.100680,177.114087,177.128672,177.143048,177.156267,177.168599,177.179553,177.188027,177.194216,177.199326,177.204339,177.209452,177.214309,177.218794,177.223153,177.227646,177.232426,177.237362,177.242535,177.248492,177.255632,177.263469,177.270986,177.277598,177.282883,177.286343,177.288215,177.289123,177.289104,177.288063,177.286239,177.283846,177.280512,177.276069,177.271314,177.267230,177.263787,177.260212,177.256309,177.252208,177.247309,177.240622,177.231739,177.220385,177.206045,177.187786,177.164250,177.133953,177.096884,177.057524,177.023088,176.997380,176.979281,176.965847,176.954343,176.942928,176.930528,176.915908,176.896477,176.867602,176.825229,176.776034,176.736626,176.712320,176.697580,176.686807,176.676655,176.665106,176.649225,176.621827,176.571871,176.505165,176.453332,176.425982,176.413005,176.407518,176.407335,176.417131,176.462321,176.567639,176.652447,176.680896,176.688021,176.690350,176.694512,176.714867,176.782339,176.883493,176.944959,176.966393,176.978070,176.997798,177.040158,177.105535,177.167034,177.209317,177.238716,177.262965,177.287026,177.315649,177.353262,177.398453,177.443831,177.483462,177.514989,177.540367,177.563505,177.587818,177.617300,177.653297,177.688205,177.707900,177.708772,177.700996,177.695219,177.696284,177.698311,177.689700,177.660980,177.618555,177.586208,177.573296,177.570935,177.571673,177.573373,177.575776,177.578802,177.582792,177.590198,177.609326,177.650652,177.701226,177.715247,177.645212,177.464915,177.233552,177.073857,177.007320,176.982553,176.966417,176.951252,176.938762,176.928699,176.919034,176.900548,176.865711,176.825274,nan,nan,nan,nan,nan,nan,nan,nan
nan,nan,nan,nan,nan,nan,nan,nan,nan,nan,nan,nan,176.579353,176.592663,176.610743,176.632852,176.655993,176.676529,176.692575,176.704492,176.713683,176.721724,176.730752,176.743786,176.763394,176.790168,176.822127,176.856441,176.891129,176.922641,176.946261,176.961510,176.971952,176.980936,176.990224,176.999924,177.009180,177.017698,177.026029,177.034984,177.045481,177.058368,177.073365,177.089161,177.105812,177.123977,177.141755,177.156271,177.167219,177.175911,177.183287,177.189863,177.195883,177.201377,177.206331,177.210890,177.215404,177.220073,177.224927,177.230263,177.236657,177.243985,177.251285,177.257847,177.263237,177.267069,177.269386,177.270446,177.270380,177.269554,177.268245,177.266328,177.263281,177.258966,177.254241,177.250063,177.246354,177.242523,177.238573,177.234442,177.229281,177.222089,177.212262,177.199200,177.182164,177.160497,177.133891,177.102318,177.067434,177.034171,177.007094,176.986814,176.971454,176.958736,176.946606,176.933681,176.918895,176.900557,176.875827,176.841287,176.797394,176.754248,176.722930,176.703486,176.690744,176.680555,176.670266,176.657669,176.638478,176.603229,176.544299,176.480976,176.440317,176.419999,176.410123,176.406217,176.408259,176.426498,176.494172,176.604590,176.667028,176.684900,176.689716,176.692247,176.699611,176.732604,176.819791,176.913242,176.954472,176.967593,176.978926,177.006160,177.068060,177.150049,177.208548,177.240520,177.263040,177.286491,177.315770,177.353119,177.398353,177.447774,177.496253,177.539014,177.573459,177.602168,177.628474,177.656835,177.694921,177.742184,177.784067,177.807307,177.810465,177.799223,177.786976,177.786141,177.789187,177.774053,177.723106,177.651548,177.602633,177.586784,177.581838,177.576517,177.573570,177.574284,177.576288,177.578554,177.584316,177.603244,177.646754,177.701384,177.723704,177.674471,177.517021,177.285108,177.103455,177.018282,176.985725,176.967303,176.951293,176.938493,176.928222,176.918860,176.904174,176.876412,176.842008,nan,nan,nan,nan,nan,nan,nan,nan
nan,nan,nan,nan,nan,nan,nan,nan,nan,nan,nan,nan,176.542413,176.548452,176.559583,176.577632,176.603236,176.634817,176.665207,176.686051,176.696314,176.699688,176.700437,176.702780,176.709605,176.722322,176.742234,176.771219,176.810559,176.856398,176.897965,176.926960,176.944258,176.954830,176.962804,176.970340,176.977541,176.984125,176.990575,176.997381,177.005113,177.014636,177.025969,177.038489,177.053250,177.071899,177.092961,177.112664,177.129409,177.143534,177.155138,177.164668,177.172989,177.180436,177.186940,177.192624,177.197861,177.203075,177.208392,177.214019,177.220590,177.228091,177.235564,177.242185,177.247507,177.251272,177.253480,177.254351,177.254143,177.253238,177.251824,177.249644,177.246201,177.241517,177.236424,177.231662,177.227121,177.222379,177.217473,177.212261,177.205868,177.197134,177.185070,177.169121,177.148941,177.124804,177.097920,177.069271,177.040481,177.014942,176.994538,176.978304,176.964545,176.951688,176.938181,176.922771,176.904193,176.880645,176.850035,176.811928,176.771068,176.736112,176.711686,176.695801,176.684486,176.674615,176.663858,176.649470,176.625511,176.581706,176.518523,176.463014,176.431312,176.415648,176.407951,176.405506,176.411097,176.442820,176.533139,176.632963,176.675099,176.686814,176.690915,176.694525,176.706769,176.754718,176.853327,176.930400,176.957398,176.966502,176.978659,177.013732,177.092404,177.183041,177.236819,177.263587,177.285398,177.313283,177.350801,177.396084,177.445657,177.500287,177.558827,177.609680,177.645604,177.672544,177.698125,177.730355,177.779277,177.839504,177.887456,177.910610,177.912198,177.897200,177.878767,177.871603,177.869820,177.849533,177.792212,177.716692,177.667794,177.651238,177.633444,177.604040,177.582534,177.575801,177.576248,177.578909,177.586583,177.609356,177.656140,177.708804,177.730255,177.694530,177.564383,177.345301,177.143799,177.033606,176.990507,176.970184,176.953412,176.939786,176.928593,176.918626,176.905604,176.882392,176.852938,nan,nan,nan,nan,nan,nan,nan,nan
nan,nan,nan,nan,nan,nan,nan,nan,nan,nan,nan,nan,176.513230,176.511501,176.510730,176.513756,176.525678,176.553478,176.594963,176.633839,176.658108,176.668484,176.671865,176.674447,176.678599,176.684591,176.693787,176.709676,176.736669,176.777408,176.827553,176.873928,176.906332,176.925871,176.937960,176.946591,176.953418,176.959417,176.965497,176.971822,176.978408,176.985716,176.993958,177.003074,177.014060,177.028468,177.046174,177.065142,177.083870,177.101638,177.117289,177.130450,177.141921,177.152237,177.161453,177.169664,177.176980,177.183859,177.190526,177.197137,177.204417,177.212459,177.220293,177.227106,177.232570,177.236380,177.238420,177.239050,177.238622,177.237312,177.235225,177.232157,177.227756,177.222217,177.216355,177.210807,177.205471,177.199820,177.193553,177.186413,177.177634,177.165863,177.150018,177.130643,177.108898,177.085867,177.062893,177.040364,177.018809,176.999966,176.984246,176.970441,176.957372,176.943866,176.928460,176.909622,176.885941,176.856498,176.821495,176.784030,176.749791,176.722623,176.703032,176.689326,176.678818,176.668884,176.657078,176.639767,176.609363,176.557512,176.495287,176.449224,176.424438,176.412085,176.406076,176.405157,176.415912,176.465503,176.571323,176.652018,176.679414,176.687671,176.691932,176.697612,176.717229,176.781504,176.880689,176.939079,176.957110,176.964516,176.978644,177.022577,177.115378,177.209747,177.258961,177.284072,177.308811,177.342936,177.387189,177.435519,177.486051,177.548235,177.619022,177.675169,177.708435,177.731044,177.757156,177.797807,177.857332,177.921054,177.963999,177.979297,177.974189,177.955793,177.935654,177.924082,177.917094,177.898784,177.858124,177.809468,177.780408,177.767659,177.732877,177.669359,177.616094,177.591026,177.584933,177.587682,177.599565,177.629866,177.680033,177.724841,177.740410,177.717147,177.620366,177.421777,177.198509,177.055222,176.995892,176.971584,176.953732,176.939763,176.928415,176.918557,176.906370,176.884950,176.857697,nan,nan,nan,nan,nan,nan,nan,nan
nan,nan,nan,nan,nan,nan,nan,nan,nan,nan,nan,nan,176.496456,176.490387,176.481371,176.471503,176.466100,176.473748,176.499873,176.539643,176.580857,176.612018,176.632031,176.645985,176.656815,176.665240,176.672780,176.682484,176.697810,176.722516,176.760002,176.806941,176.851279,176.884536,176.906419,176.920091,176.928981,176.936143,176.943364,176.950735,176.957977,176.965216,176.972617,176.980409,176.989330,177.000246,177.013282,177.027934,177.043686,177.059780,177.075200,177.089420,177.102715,177.115478,177.127812,177.139596,177.150434,177.160396,177.169414,177.177535,177.185810,177.194627,177.203041,177.210260,177.216005,177.219849,177.221674,177.222065,177.221369,177.219523,177.216563,177.212337,177.206668,177.199965,177.193149,177.186886,177.181023,177.174726,177.167175,177.157846,177.146051,177.130612,177.111233,177.090281,177.070238,177.051684,177.034575,177.018269,177.002585,176.988248,176.975134,176.962434,176.949418,176.934858,176.916957,176.893799,176.864420,176.830076,176.793895,176.760548,176.733504,176.712486,176.696268,176.683866,176.673605,176.663120,176.649439,176.627582,176.588796,176.530445,176.473637,176.437484,176.418579,176.408991,176.404480,176.405229,176.422580,176.491678,176.602060,176.663375,176.681781,176.688303,176.693078,176.701856,176.732314,176.812874,176.902943,176.944007,176.956190,176.963068,176.980071,177.033352,177.138386,177.234674,177.279976,177.305512,177.334646,177.373662,177.420153,177.466832,177.517455,177.587252,177.665379,177.720510,177.749035,177.769581,177.801116,177.853532,177.917640,177.971923,178.002324,178.010672,178.003951,177.987564,177.969748,177.956206,177.943911,177.925653,177.899513,177.874125,177.859759,177.850431,177.817875,177.753604,177.686567,177.639875,177.618708,177.617414,177.632195,177.666831,177.712800,177.744523,177.752138,177.737051,177.669541,177.497891,177.263569,177.087031,177.003844,176.969823,176.949238,176.935625,176.925931,176.918175,176.907971,176.888692,176.864151,nan,nan,nan,nan,nan,nan,nan,nan
nan,nan,nan,nan,nan,nan,nan,nan,nan,nan,nan,nan,nan,176.492949,176.479185,176.459655,176.441214,176.432329,176.437088,176.455986,176.487972,176.526671,176.564334,176.597488,176.624762,176.644881,176.658527,176.669015,176.679912,176.694018,176.714847,176.745701,176.784919,176.825127,176.858422,176.881621,176.896843,176.908257,176.918724,176.928860,176.938514,176.947601,176.956062,176.964181,176.972565,176.981751,176.991957,177.003211,177.015236,177.027208,177.038782,177.050246,177.062042,177.074602,177.088213,177.102745,177.117360,177.131328,177.143767,177.154354,177.164265,177.174119,177.183173,177.190713,177.196393,177.199813,177.201119,177.201105,177.200057,177.197713,177.193937,177.188577,177.181772,177.174193,177.166666,177.159756,177.153358,177.146473,177.137899,177.126803,177.112630,177.095003,177.075066,177.056056,177.039969,177.026392,177.014244,177.002348,176.990383,176.978618,176.966718,176.954300,176.940817,176.924581,176.903198,176.874815,176.840098,176.803294,176.769318,176.741539,176.720473,176.704017,176.690429,176.678930,176.668436,176.656766,176.640065,176.611540,176.562949,176.501754,176.454018,176.427330,176.413482,176.406238,176.403041,176.405723,176.431276,176.519287,176.625139,176.670215,176.683236,176.688880,176.694257,176.706951,176.750704,176.843448,176.919834,176.948216,176.956923,176.963880,176.983432,177.043475,177.156553,177.254611,177.299339,177.328000,177.362095,177.403575,177.448467,177.493031,177.546394,177.621443,177.699318,177.748682,177.772039,177.791871,177.829329,177.891537,177.957316,178.001853,178.022502,178.028071,178.024501,178.013896,178.000354,177.986323,177.968998,177.945144,177.917565,177.894206,177.879783,177.871422,177.855001,177.819850,177.771755,177.723581,177.691065,177.681287,177.690179,177.714430,177.743824,177.761172,177.762732,177.752193,177.707849,177.575796,177.357718,177.153322,177.029562,176.970678,176.942429,176.928584,176.920591,176.915812,176.910044,176.896869,176.879439,nan,nan,nan,nan,nan,nan,nan,nan
nan,nan,nan,nan,nan,nan,nan,nan,nan,nan,nan,nan,nan,176.531347,176.512592,176.480840,176.444949,176.419347,176.409868,176.413915,176.428376,176.451063,176.480704,176.517206,176.559585,176.601384,176.633012,176.652687,176.665469,176.676199,176.688347,176.705275,176.729539,176.760737,176.794411,176.824740,176.849093,176.868715,176.885942,176.901887,176.916465,176.929253,176.940175,176.949683,176.958343,176.966744,176.975526,176.984908,176.994414,177.003185,177.011156,177.019073,177.027818,177.037958,177.050089,177.064619,177.080926,177.097885,177.113991,177.128185,177.140760,177.151980,177.161418,177.168628,177.173419,177.175813,177.176280,177.175509,177.173702,177.170650,177.166066,177.159807,177.152489,177.144911,177.137285,177.129820,177.122700,177.115240,177.106177,177.094508,177.080057,177.063335,177.046149,177.031050,177.018872,177.008859,176.999834,176.990504,176.980528,176.970024,176.958581,176.945996,176.931546,176.912738,176.886558,176.852203,176.813473,176.777232,176.747878,176.725940,176.709673,176.696542,176.684894,176.673986,176.662888,176.649263,176.627987,176.590619,176.533390,176.475431,176.438338,176.419196,176.409113,176.403663,176.401618,176.406708,176.441860,176.544958,176.641133,176.674510,176.684267,176.689355,176.695457,176.712925,176.770388,176.868571,176.931703,176.952410,176.959670,176.967367,176.988954,177.052286,177.167951,177.267262,177.315468,177.349301,177.387323,177.429266,177.472794,177.520192,177.581154,177.657703,177.727182,177.767375,177.785530,177.803585,177.843156,177.911342,177.981219,178.022935,178.038076,178.040877,178.039020,178.033147,178.023741,178.010662,177.991173,177.962576,177.928514,177.899116,177.880575,177.872589,177.867792,177.855661,177.831437,177.798862,177.769448,177.753037,177.749700,177.756145,177.766571,177.772451,177.771462,177.765121,177.741320,177.663492,177.503654,177.295484,177.108603,176.989528,176.937775,176.920310,176.912542,176.910299,176.910293,176.905709,176.897832,nan,nan,nan,nan,nan,nan,nan,nan
nan,nan,nan,nan,nan,nan,nan,nan,nan,nan,nan,nan,nan,176.597424,176.580214,176.543627,176.487417,176.432032,176.400923,176.394893,176.401250,176.411419,176.424292,176.443266,176.474590,176.522403,176.576161,176.617471,176.642413,176.657897,176.669893,176.681829,176.696130,176.714409,176.736862,176.762235,176.788591,176.814464,176.839687,176.864302,176.887068,176.906205,176.921364,176.933377,176.943088,176.951522,176.959826,176.968295,176.976416,176.983588,176.989756,176.995553,177.001986,177.009705,177.019435,177.031917,177.047050,177.064197,177.082213,177.099636,177.115165,177.127925,177.137533,177.143855,177.147183,177.148313,177.147924,177.146208,177.143190,177.139082,177.133756,177.127104,177.120048,177.113341,177.106469,177.099093,177.091575,177.083815,177.074928,177.064032,177.051407,177.037936,177.024844,177.013475,177.004124,176.996199,176.988823,176.980842,176.971817,176.961757,176.950286,176.937197,176.921226,176.898812,176.866592,176.826327,176.786155,176.753564,176.730008,176.713434,176.701015,176.690222,176.679732,176.669038,176.657028,176.640540,176.612834,176.565513,176.504229,176.454697,176.427036,176.412881,176.405185,176.401105,176.400262,176.408179,176.452579,176.563839,176.650234,176.676961,176.684986,176.689780,176.697074,176.720463,176.789960,176.886997,176.939258,176.955709,176.962812,176.971677,176.994921,177.059162,177.173340,177.273654,177.327799,177.366730,177.406588,177.448971,177.495881,177.552892,177.622614,177.694684,177.749749,177.779078,177.793123,177.810563,177.852389,177.926409,178.000953,178.038638,178.039908,178.026578,178.015915,178.009820,178.004694,177.996628,177.981356,177.955978,177.924170,177.895994,177.877864,177.870395,177.869974,177.868725,177.858792,177.838380,177.814233,177.795480,177.784434,177.779284,177.778083,177.777720,177.776269,177.773082,177.763398,177.733447,177.657482,177.499356,177.260145,177.043716,176.940816,176.911794,176.903310,176.902893,176.906101,176.906385,176.904275,nan,nan,nan,nan,nan,nan,nan,nan
nan,nan,nan,nan,nan,nan,nan,nan,nan,nan,nan,nan,nan,176.649118,176.642885,176.622016,176.571001,176.492736,176.428018,176.402742,176.399397,176.399635,176.401264,176.406898,176.419758,176.446111,176.490881,176.545197,176.591751,176.624943,176.647709,176.663537,176.675957,176.687980,176.701388,176.717352,176.736548,176.758936,176.784622,176.813838,176.844686,176.872727,176.895103,176.911875,176.924237,176.934049,176.943005,176.951483,176.959165,176.965883,176.971626,176.976760,176.982099,176.988305,176.996162,177.006300,177.018772,177.033657,177.050746,177.068992,177.086157,177.100001,177.109633,177.115055,177.117212,177.117537,177.116580,177.114059,177.109991,177.105096,177.099534,177.093295,177.087246,177.081928,177.076448,177.070023,177.062873,177.055267,177.047040,177.037859,177.028106,177.018325,177.008894,177.000381,176.993010,176.986404,176.979900,176.972521,176.963781,176.953624,176.941752,176.927753,176.909598,176.882702,176.844057,176.799642,176.761501,176.734610,176.716545,176.704015,176.694314,176.685159,176.675410,176.664676,176.651410,176.631035,176.595155,176.538830,176.479197,176.439534,176.418813,176.407761,176.401560,176.398561,176.398928,176.409609,176.461289,176.575162,176.654400,176.678007,176.685390,176.690344,176.699385,176.728961,176.806460,176.898386,176.943072,176.957531,176.965076,176.974971,176.999392,177.063360,177.173588,177.274130,177.334496,177.377791,177.419274,177.465408,177.522594,177.592348,177.664817,177.725054,177.763958,177.783786,177.795600,177.814398,177.858853,177.934357,178.004769,178.026045,177.992228,177.939464,177.905696,177.893467,177.892085,177.893605,177.892414,177.887644,177.880933,177.872970,177.865499,177.861648,177.863068,177.867052,177.865696,177.852059,177.830779,177.812251,177.797980,177.786317,177.779933,177.778026,177.777118,177.775389,177.771572,177.765683,177.751879,177.671182,177.425860,177.118418,176.952676,176.905815,176.895290,176.895347,176.898732,176.899759,176.899121,nan,nan,nan,nan,nan,nan,nan,nan
nan,nan,nan,nan,nan,nan,nan,nan,nan,nan,nan,nan,nan,176.670439,176.671294,176.666135,176.641555,176.585861,176.518897,176.472798,176.442737,176.416537,176.399582,176.394400,176.397005,176.406144,176.425644,176.459702,176.506311,176.558032,176.604395,176.637018,176.656936,176.670142,176.680991,176.691986,176.704655,176.719824,176.738502,176.762494,176.792556,176.825577,176.856228,176.880865,176.899033,176.912807,176.924264,176.934005,176.942168,176.949082,176.954982,176.960210,176.965341,176.970957,176.977788,176.986185,176.996070,177.007846,177.021935,177.037951,177.053997,177.067506,177.076983,177.082167,177.084225,177.084515,177.083177,177.080133,177.075882,177.071320,177.066648,177.061785,177.057150,177.053031,177.048677,177.043336,177.037157,177.030415,177.023379,177.016356,177.009606,177.002992,176.996323,176.989930,176.984058,176.978388,176.972319,176.965025,176.956115,176.945579,176.933098,176.917776,176.896771,176.864956,176.820899,176.775471,176.741811,176.720568,176.706732,176.696923,176.688995,176.681050,176.672019,176.661270,176.646543,176.621507,176.576597,176.514045,176.459762,176.428478,176.412494,176.403567,176.398457,176.396313,176.397715,176.410740,176.467923,176.582292,176.656424,176.678404,176.685716,176.691155,176.701857,176.736019,176.817107,176.903990,176.944560,176.958505,176.966853,176.977998,177.004193,177.068473,177.173638,177.271563,177.335968,177.383374,177.428431,177.482504,177.553847,177.633117,177.700403,177.745609,177.770743,177.783510,177.792255,177.806117,177.836536,177.889181,177.942364,177.948296,177.883230,177.795413,177.742555,177.725248,177.724751,177.731225,177.743116,177.766870,177.801132,177.828499,177.840774,177.845274,177.849711,177.856744,177.861158,177.853011,177.834501,177.816932,177.801110,177.785356,177.777042,177.775993,177.776130,177.774852,177.771918,177.772370,177.784567,177.754850,177.524744,177.169485,176.963491,176.901519,176.887162,176.888049,176.893701,176.896484,176.896808,nan,nan,nan,nan,nan,nan,nan,nan
nan,nan,nan,nan,nan,nan,nan,nan,nan,nan,nan,nan,nan,176.676411,176.678669,176.678761,176.671355,176.649791,176.617354,176.582164,176.534022,176.470468,176.418875,176.394230,176.388024,176.390005,176.396820,176.410008,176.433474,176.473036,176.528871,176.585087,176.625384,176.649744,176.664776,176.675859,176.686154,176.697159,176.709840,176.725728,176.746771,176.773949,176.805497,176.836646,176.863282,176.884784,176.901889,176.914983,176.924912,176.932718,176.939111,176.944730,176.950142,176.955865,176.962434,176.969914,176.978063,176.987169,176.997759,177.009914,177.022643,177.034192,177.043160,177.048883,177.051910,177.052742,177.051284,177.048320,177.044865,177.041536,177.038405,177.035130,177.031643,177.028168,177.024390,177.019989,177.015138,177.009824,177.004297,176.999241,176.994881,176.990645,176.985999,176.981123,176.976264,176.971137,176.965175,176.957699,176.948430,176.937399,176.924138,176.907103,176.882722,176.846004,176.798416,176.754853,176.726400,176.709781,176.699052,176.691193,176.684534,176.677527,176.669181,176.658500,176.642332,176.612518,176.559389,176.494027,176.445904,176.420631,176.407758,176.400339,176.396066,176.394558,176.396762,176.411814,176.473980,176.588744,176.658461,176.679008,176.686172,176.691928,176.703751,176.740660,176.822930,176.906614,176.945488,176.959633,176.969212,176.983151,177.014125,177.081479,177.181225,177.272611,177.337434,177.387983,177.436982,177.498412,177.580256,177.662571,177.721746,177.755514,177.772233,177.780159,177.783604,177.784135,177.783292,177.793404,177.820711,177.821653,177.758410,177.675706,177.629356,177.615998,177.616605,177.623458,177.639198,177.675423,177.731975,177.783410,177.812964,177.827254,177.836159,177.844858,177.850979,177.846135,177.831308,177.816053,177.800613,177.783213,177.773940,177.773659,177.774703,177.773484,177.769855,177.770894,177.790693,177.777633,177.553812,177.187669,176.968202,176.896800,176.878754,176.882547,176.893220,176.898985,176.900388,nan,nan,nan,nan,nan,nan,nan,nan
nan,nan,nan,nan,nan,nan,nan,nan,nan,nan,nan,nan,nan,176.677717,176.679603,176.680204,176.678583,176.673773,176.666076,176.653569,176.619273,176.545989,176.459328,176.403358,176.383991,176.382603,176.385982,176.391221,176.400235,176.418419,176.453386,176.506897,176.566191,176.613325,176.642653,176.660061,176.672205,176.682640,176.692870,176.703866,176.716892,176.733964,176.756804,176.784762,176.815086,176.844849,176.871004,176.891145,176.905532,176.915829,176.923563,176.930056,176.936172,176.942410,176.949107,176.956220,176.963432,176.970729,176.978558,176.987343,176.996750,177.005860,177.013814,177.019929,177.023996,177.025597,177.024670,177.022527,177.020199,177.018004,177.015947,177.013562,177.010753,177.007809,177.004655,177.001312,176.997872,176.994042,176.989978,176.986368,176.983371,176.980447,176.977050,176.973129,176.968846,176.963966,176.957949,176.950240,176.940584,176.928922,176.914561,176.895378,176.867246,176.825957,176.776917,176.737168,176.713818,176.700982,176.692673,176.686279,176.680551,176.674240,176.666418,176.655762,176.638221,176.604112,176.544923,176.479613,176.436928,176.415594,176.404546,176.398033,176.394305,176.393182,176.395938,176.413037,176.480966,176.596167,176.660991,176.679834,176.686610,176.692464,176.705198,176.744424,176.827730,176.909099,176.946860,176.961505,176.973327,176.993312,177.034335,177.107346,177.199139,177.280523,177.343354,177.395049,177.444786,177.507242,177.590964,177.671906,177.725824,177.754941,177.769079,177.774767,177.773854,177.764330,177.743330,177.722637,177.719216,177.710978,177.668999,177.618736,177.592852,177.587004,177.590213,177.598887,177.615517,177.649420,177.702534,177.755931,177.792285,177.813316,177.826319,177.835590,177.840348,177.836434,177.825522,177.813821,177.800454,177.783297,177.772969,177.772279,177.773532,177.772315,177.768251,177.769086,177.790393,177.779006,177.555341,177.191194,176.968132,176.894957,176.878101,176.883404,176.894439,176.899635,176.900309,nan,nan,nan,nan,nan,nan,nan,nan
nan,nan,nan,nan,nan,nan,nan,nan,nan,nan,nan,nan,nan,176.677682,176.679079,176.679234,176.678695,176.678366,176.678405,176.676714,176.660875,176.604171,176.502409,176.414489,176.380649,176.378072,176.381339,176.384548,176.388799,176.396792,176.412608,176.441969,176.489684,176.548416,176.598914,176.632628,176.653966,176.668668,176.680073,176.689824,176.699084,176.709560,176.723138,176.741215,176.764842,176.794335,176.827146,176.857287,176.880317,176.896202,176.907169,176.915669,176.923166,176.930167,176.937000,176.943892,176.950667,176.957045,176.963327,176.970099,176.977326,176.984548,176.991291,176.997047,177.001377,177.003600,177.003703,177.002731,177.001426,177.000053,176.998563,176.996516,176.994083,176.991682,176.989256,176.986884,176.984592,176.982041,176.979258,176.976616,176.974166,176.971655,176.968759,176.965308,176.961343,176.956603,176.950491,176.942512,176.932401,176.919913,176.904115,176.882496,176.850504,176.805375,176.757094,176.722427,176.703724,176.693872,176.687373,176.681959,176.676737,176.670809,176.663312,176.652571,176.633707,176.596053,176.533234,176.469910,176.431671,176.412801,176.402659,176.396514,176.393032,176.392091,176.395187,176.414430,176.488774,176.603718,176.663202,176.680296,176.686760,176.692765,176.706452,176.748396,176.833668,176.912514,176.948474,176.964003,176.980087,177.010458,177.065672,177.142124,177.221380,177.291729,177.352370,177.403438,177.450194,177.507634,177.586143,177.663884,177.716495,177.746162,177.761723,177.767967,177.765764,177.753626,177.730118,177.701300,177.678499,177.659339,177.633223,177.607791,177.594975,177.593145,177.598502,177.609782,177.627696,177.657270,177.700425,177.746222,177.781514,177.804739,177.819799,177.829016,177.832412,177.829225,177.821417,177.812345,177.800609,177.784548,177.773882,177.772155,177.772731,177.771489,177.767772,177.768811,177.789997,177.776045,177.548666,177.185073,176.962459,176.895539,176.885104,176.890014,176.896162,176.897149,176.895283,nan,nan,nan,nan,nan,nan,nan,nan
nan,nan,nan,nan,nan,nan,nan,nan,nan,nan,nan,nan,nan,nan,nan,176.678074,176.677693,176.678136,176.679441,176.680340,176.672797,176.629866,176.525929,176.417694,176.376091,176.375194,176.379279,176.382171,176.385305,176.390166,176.398096,176.411413,176.435014,176.473481,176.523689,176.574287,176.615589,176.645018,176.664655,176.677644,176.686844,176.694718,176.703019,176.713262,176.727299,176.747551,176.776240,176.811112,176.844286,176.869765,176.887431,176.900087,176.910003,176.918095,176.925103,176.931868,176.938568,176.944779,176.950550,176.956446,176.962597,176.968771,176.974576,176.979548,176.983389,176.985821,176.986887,176.986989,176.986534,176.985855,176.984823,176.983009,176.980782,176.978740,176.976892,176.975221,176.973727,176.972128,176.970233,176.968113,176.965854,176.963452,176.960704,176.957402,176.953549,176.948836,176.942553,176.934210,176.923575,176.910177,176.892697,176.868267,176.832376,176.784990,176.740051,176.711147,176.696309,176.688475,176.683063,176.678140,176.672994,176.667041,176.659488,176.648327,176.628037,176.587584,176.523464,176.463465,176.428792,176.411443,176.401720,176.395661,176.392263,176.391441,176.394785,176.415886,176.495832,176.610090,176.664884,176.680423,176.686670,176.692815,176.707253,176.751988,176.840118,176.916359,176.949937,176.966857,176.989239,177.032054,177.098527,177.171618,177.237344,177.299242,177.358708,177.408345,177.450820,177.501479,177.572160,177.646246,177.699649,177.731882,177.750484,177.759482,177.758958,177.748271,177.728650,177.703072,177.676968,177.654120,177.633302,177.615871,177.606236,177.605089,177.611763,177.625757,177.646422,177.675596,177.712628,177.749898,177.779704,177.800741,177.814999,177.823532,177.826477,177.824110,177.817929,177.809943,177.799283,177.785281,177.775163,177.771868,177.771024,177.770034,177.768282,177.771932,177.794688,177.777300,177.543255,177.177541,176.954263,176.893014,176.889726,176.895482,176.898125,176.896115,176.892235,nan,nan,nan,nan,nan,nan,nan,nan
nan,nan,nan,nan,nan,nan,nan,nan,nan,nan,nan,nan,nan,nan,nan,nan,nan,nan,nan,nan,nan,nan,nan,nan,nan,176.374446,176.378939,176.382083,176.385532,176.389959,176.395364,176.401970,176.411356,176.426510,176.451731,176.490561,176.540956,176.592745,176.633814,176.659748,176.674350,176.683071,176.689382,176.695632,176.703528,176.714753,176.732638,176.760484,176.796069,176.831260,176.859395,176.879489,176.893515,176.903477,176.911208,176.918331,176.925424,176.932073,176.938078,176.943880,176.949786,176.955680,176.961073,176.965410,176.968596,176.970991,176.972780,176.973705,176.973841,176.973592,176.972829,176.971204,176.969147,176.967373,176.965985,176.964846,176.963935,176.962966,176.961536,176.959594,176.957381,176.955043,176.952384,176.949116,176.945204,176.940335,176.933762,176.924992,176.913790,176.899364,176.879731,176.851578,176.811844,176.765085,176.726337,176.703325,176.691356,176.684519,176.679447,176.674602,176.669267,176.662921,176.654769,176.642571,176.620403,176.577707,176.514468,176.458804,176.427021,176.410602,176.401106,176.395180,176.391993,176.391427,176.395069,176.417481,176.501685,176.615886,176.666943,176.680866,176.686675,176.692750,176.707567,176.754673,176.845985,176.920117,176.951497,176.969873,176.998109,177.049553,177.119060,177.185549,177.242479,177.300063,177.359024,177.407078,177.446035,177.490906,177.554175,177.625508,177.681160,177.716416,177.738102,177.750980,177.755155,177.749122,177.734726,177.714970,177.693236,177.672095,177.651011,177.631826,177.619967,177.618893,177.629901,177.650505,177.675327,177.703619,177.734085,177.761891,177.783933,177.799910,177.810702,177.817216,177.819668,177.817814,177.812381,177.805080,177.795931,177.784722,177.775367,177.769814,177.766744,177.766415,177.768931,177.778878,177.805902,177.786115,177.548864,177.180813,176.950809,176.888181,176.888429,176.895428,176.897709,176.896164,176.892554,nan,nan,nan,nan,nan,nan,nan,nan
nan,nan,nan,nan,nan,nan,nan,nan,nan,nan,nan,nan,nan,nan,nan,nan,nan,nan,nan,nan,nan,nan,nan,nan,nan,nan,nan,176.384042,176.388792,176.393906,176.398405,176.401766,176.404650,176.408481,176.415778,176.430960,176.460241,176.508539,176.569080,176.621174,176.653016,176.669077,176.677025,176.682279,176.687455,176.693651,176.703021,176.719481,176.746203,176.781252,176.816954,176.846028,176.866371,176.879858,176.889667,176.898431,176.907127,176.915397,176.922774,176.929479,176.935943,176.942166,176.947639,176.951818,176.954778,176.957299,176.959722,176.961360,176.961942,176.961867,176.961144,176.959644,176.957814,176.956354,176.955355,176.954602,176.954075,176.953457,176.952260,176.950421,176.948241,176.945906,176.943259,176.939967,176.935882,176.930697,176.923741,176.914479,176.902460,176.886420,176.863700,176.831086,176.789008,176.746685,176.715915,176.698244,176.688210,176.681545,176.676192,176.671104,176.665461,176.658526,176.649346,176.635378,176.610443,176.565586,176.505079,176.454810,176.425683,176.409860,176.400523,176.394894,176.392128,176.391981,176.396103,176.419920,176.508225,176.622383,176.669665,176.681703,176.686786,176.692587,176.707667,176.756991,176.851416,176.923904,176.953360,176.972120,177.002352,177.055032,177.122372,177.185356,177.240043,177.296418,177.354258,177.400804,177.437838,177.478765,177.536196,177.606159,177.665877,177.705076,177.729636,177.746697,177.758145,177.760222,177.752529,177.739257,177.723514,177.705032,177.681948,177.657933,177.641522,177.642645,177.666091,177.699010,177.723852,177.742722,177.761344,177.778546,177.792408,177.801555,177.805585,177.806647,177.806517,177.804632,177.800548,177.795190,177.788499,177.780181,177.772603,177.766367,177.761585,177.761679,177.767291,177.778861,177.798150,177.765359,177.533822,177.178213,176.951734,176.887317,176.885459,176.891309,176.894391,176.895293,nan,nan,nan,nan,nan,nan,nan,nan,nan
nan,nan,nan,nan,nan,nan,nan,nan,nan,nan,nan,nan,nan,nan,nan,nan,nan,nan,nan,nan,nan,nan,nan,nan,nan,nan,nan,nan,176.395151,176.401220,176.405032,176.405860,176.404769,176.403413,176.403298,176.406515,176.416561,176.439812,176.484736,176.549111,176.608969,176.645353,176.662167,176.670036,176.675024,176.679311,176.684571,176.693486,176.709235,176.733392,176.763665,176.794106,176.818927,176.836647,176.850054,176.862648,176.875578,176.888123,176.899346,176.909042,176.917551,176.925140,176.931539,176.936328,176.939698,176.942551,176.945442,176.947757,176.948968,176.949304,176.948933,176.947887,176.946534,176.945457,176.944693,176.944026,176.943504,176.942910,176.941813,176.940126,176.938102,176.935840,176.933156,176.929749,176.925400,176.919744,176.912190,176.902123,176.888691,176.870043,176.843376,176.807219,176.766500,176.731521,176.708259,176.694642,176.685893,176.679126,176.673266,176.667710,176.661592,176.653889,176.643265,176.626666,176.597831,176.550779,176.494689,176.450887,176.424590,176.409328,176.400171,176.394884,176.392536,176.392827,176.397870,176.424714,176.518291,176.629800,176.672211,176.682361,176.686675,176.692044,176.707257,176.758392,176.855295,176.926942,176.954870,176.972440,177.000176,177.048007,177.111549,177.175663,177.233960,177.291189,177.346288,177.390836,177.427228,177.466158,177.519616,177.588548,177.652528,177.696463,177.724683,177.747353,177.768391,177.780264,177.777799,177.765642,177.747150,177.723441,177.699917,177.682684,177.673413,177.681842,177.717274,177.757177,177.775862,177.782168,177.788791,177.796348,177.801812,177.801416,177.793003,177.780987,177.771960,177.768043,177.767939,177.769752,177.770555,177.768748,177.766603,177.763627,177.759676,177.758798,177.757385,177.741984,177.704083,177.625927,177.425205,177.132559,176.944641,176.888618,176.882841,176.886330,176.890290,176.892992,nan,nan,nan,nan,nan,nan,nan,nan,nan
nan,nan,nan,nan,nan,nan,nan,nan,nan,nan,nan,nan,nan,nan,nan,nan,nan,nan,nan,nan,nan,nan,nan,nan,nan,nan,nan,nan,nan,176.411554,176.414394,176.412378,176.407482,176.402490,176.399007,176.398057,176.400806,176.409451,176.429702,176.471996,176.538358,176.602126,176.639557,176.656344,176.664092,176.668683,176.672827,176.678592,176.687775,176.701378,176.719247,176.739721,176.759505,176.776157,176.790902,176.806776,176.824672,176.843383,176.861203,176.876856,176.890039,176.901185,176.910334,176.917127,176.921776,176.925197,176.928296,176.931139,176.933326,176.934786,176.935583,176.935666,176.935181,176.934545,176.933811,176.932897,176.932069,176.931344,176.930321,176.928790,176.926945,176.924802,176.922072,176.918459,176.913691,176.907333,176.898782,176.887302,176.871657,176.849640,176.819554,176.783251,176.747955,176.720660,176.702726,176.691532,176.683657,176.677016,176.670835,176.664712,176.657876,176.649068,176.636399,176.616151,176.582381,176.533579,176.483256,176.446420,176.423341,176.408992,176.400167,176.395190,176.393135,176.393793,176.400330,176.432755,176.532884,176.637591,176.674054,176.682673,176.686406,176.691181,176.705942,176.757239,176.855315,176.927855,176.955260,176.970812,176.993685,177.033540,177.091632,177.158902,177.225182,177.285400,177.336496,177.377743,177.413728,177.452075,177.502765,177.568668,177.633395,177.680883,177.713965,177.745780,177.780250,177.800441,177.792901,177.764178,177.722151,177.678912,177.661317,177.679386,177.709587,177.736510,177.771198,177.802922,177.813170,177.811111,177.809012,177.807891,177.803511,177.789294,177.761208,177.727475,177.702752,177.694124,177.700454,177.717167,177.735850,177.749120,177.757514,177.760903,177.759719,177.756889,177.738705,177.664953,177.515504,177.356116,177.203871,177.029543,176.918490,176.883100,176.876254,176.879076,176.883997,176.886326,nan,nan,nan,nan,nan,nan,nan,nan,nan
nan,nan,nan,nan,nan,nan,nan,nan,nan,nan,nan,nan,nan,nan,nan,nan,nan,nan,nan,nan,nan,nan,nan,nan,nan,nan,nan,nan,nan,nan,176.427668,176.421592,176.411674,176.402712,176.397081,176.394860,176.395747,176.399864,176.408955,176.429007,176.471778,176.538763,176.600692,176.635812,176.651625,176.659213,176.664238,176.669361,176.675820,176.683996,176.693834,176.704883,176.716106,176.726776,176.737860,176.751216,176.767785,176.787567,176.809406,176.830963,176.850431,176.867365,176.881530,176.892382,176.899894,176.904846,176.908478,176.911847,176.915231,176.918347,176.920792,176.922275,176.922814,176.922704,176.922004,176.920821,176.919726,176.918979,176.918204,176.916967,176.915256,176.913101,176.910230,176.906257,176.900791,176.893452,176.883614,176.870301,176.852019,176.826901,176.795563,176.762662,176.734292,176.713228,176.698652,176.688741,176.681455,176.675154,176.668922,176.662312,176.654637,176.644368,176.628915,176.603843,176.564364,176.514880,176.471091,176.440935,176.421374,176.408511,176.400321,176.395703,176.393882,176.394793,176.402977,176.442095,176.548020,176.643934,176.675047,176.682765,176.686203,176.690361,176.704140,176.754085,176.852219,176.926851,176.954494,176.967964,176.985527,177.016249,177.066371,177.135670,177.212461,177.278085,177.325716,177.362898,177.397935,177.436258,177.483857,177.541478,177.598090,177.642543,177.677927,177.719474,177.767408,177.789931,177.762620,177.697760,177.621759,177.566947,177.578119,177.658609,177.747810,177.796595,177.819193,177.832666,177.833957,177.826806,177.818072,177.808968,177.794295,177.764473,177.716158,177.665396,177.632686,177.622742,177.631690,177.657451,177.693077,177.724251,177.744926,177.755029,177.756840,177.753169,177.720856,177.593549,177.341493,177.104979,176.983437,176.915045,176.882055,176.869340,176.862993,176.866477,176.871364,176.870108,nan,nan,nan,nan,nan,nan,nan,nan,nan
nan,nan,nan,nan,nan,nan,nan,nan,nan,nan,nan,nan,nan,nan,nan,nan,nan,nan,nan,nan,nan,nan,nan,nan,nan,nan,nan,nan,nan,nan,176.446591,176.435063,176.417732,176.403118,176.395560,176.393332,176.394194,176.397247,176.402786,176.412949,176.434368,176.477959,176.542003,176.598672,176.631308,176.647128,176.655645,176.661859,176.667736,176.673947,176.680593,176.687303,176.693655,176.699921,176.707086,176.715919,176.726994,176.741353,176.759613,176.780713,176.802693,176.823997,176.843526,176.860072,176.872540,176.880892,176.886431,176.891008,176.895656,176.900190,176.903907,176.906437,176.907932,176.908617,176.908337,176.907256,176.906159,176.905537,176.905230,176.904605,176.903196,176.900956,176.897729,176.893154,176.886869,176.878597,176.867665,176.852843,176.832393,176.805250,176.774438,176.745797,176.723265,176.706866,176.694857,176.686008,176.679245,176.673339,176.667263,176.660409,176.652037,176.640230,176.621429,176.590388,176.545016,176.496435,176.459241,176.434833,176.418604,176.407559,176.400298,176.396107,176.394466,176.395520,176.404993,176.449432,176.558692,176.647500,176.675134,176.682385,176.685637,176.689207,176.701698,176.749261,176.846968,176.924512,176.952738,176.964385,176.977293,176.999313,177.039318,177.106612,177.193250,177.266730,177.313756,177.347828,177.381248,177.419140,177.462738,177.508356,177.548992,177.580635,177.608684,177.647218,177.692245,177.707770,177.666463,177.582509,177.501627,177.471305,177.530926,177.663281,177.783140,177.835006,177.842619,177.840582,177.835793,177.826859,177.814928,177.800896,177.778449,177.736510,177.677241,177.624362,177.595224,177.587251,177.594520,177.618179,177.657455,177.698681,177.728677,177.743486,177.746709,177.743259,177.703600,177.545337,177.241698,176.974458,176.870706,176.854307,176.859441,176.855303,176.846675,176.849194,176.850494,176.841108,nan,nan,nan,nan,nan,nan,nan,nan,nan
nan,nan,nan,nan,nan,nan,nan,nan,nan,nan,nan,nan,nan,nan,nan,nan,nan,nan,nan,nan,nan,nan,nan,nan,nan,nan,nan,nan,nan,nan,nan,176.459736,176.430478,176.405284,176.393710,176.391666,176.393450,176.396672,176.401065,176.407487,176.418638,176.440777,176.482707,176.541388,176.593540,176.625443,176.642537,176.652630,176.659916,176.666224,176.672051,176.677211,176.681656,176.685981,176.691026,176.697047,176.704196,176.713281,176.725283,176.740564,176.758673,176.778603,176.799426,176.819920,176.837648,176.850792,176.859952,176.867025,176.873323,176.878953,176.883363,176.886502,176.888871,176.890558,176.891128,176.890726,176.890116,176.889905,176.890215,176.890355,176.889398,176.887003,176.883090,176.877624,176.870574,176.861747,176.850373,176.834968,176.813448,176.785654,176.756352,176.731430,176.713195,176.700266,176.690490,176.682832,176.676684,176.671230,176.665525,176.658744,176.649915,176.636632,176.614124,176.576490,176.526230,176.480190,176.448843,176.428875,176.415416,176.406167,176.399965,176.396214,176.394633,176.395692,176.405875,176.453246,176.564090,176.648935,176.674482,176.681218,176.684202,176.687210,176.698012,176.741670,176.838485,176.920655,176.950238,176.960538,176.970128,176.985567,177.015257,177.074236,177.164617,177.247857,177.298642,177.331580,177.362928,177.399328,177.439377,177.476719,177.506011,177.526053,177.541762,177.562829,177.587113,177.593096,177.563151,177.505394,177.457852,177.462130,177.543751,177.678293,177.788820,177.830316,177.828264,177.819532,177.813945,177.807245,177.796566,177.781537,177.754355,177.705625,177.646454,177.601807,177.579784,177.573669,177.578004,177.594538,177.626543,177.667448,177.702314,177.719490,177.721602,177.716935,177.668344,177.485078,177.169136,176.926362,176.849177,176.847200,176.854297,176.845843,176.831604,176.826432,176.816278,176.794190,nan,nan,nan,nan,nan,nan,nan,nan,nan
nan,nan,nan,nan,nan,nan,nan,nan,nan,nan,nan,nan,nan,nan,nan,nan,nan,nan,nan,nan,nan,nan,nan,nan,nan,nan,nan,nan,nan,nan,nan,176.516228,176.468938,176.421333,176.395787,176.390638,176.393807,176.397978,176.401733,176.406131,176.412703,176.423941,176.445269,176.483583,176.535560,176.583271,176.615608,176.635177,176.647677,176.656657,176.663466,176.668674,176.672860,176.676703,176.680837,176.685439,176.690617,176.696831,176.704676,176.714728,176.727263,176.741970,176.758623,176.777205,176.796027,176.812454,176.825533,176.835881,176.844369,176.851319,176.856567,176.860549,176.863910,176.866423,176.867786,176.868456,176.868943,176.869531,176.870347,176.870792,176.869801,176.866841,176.862005,176.855671,176.848184,176.839539,176.828746,176.813784,176.792538,176.766030,176.739735,176.718746,176.704092,176.693756,176.685704,176.679131,176.673616,176.668670,176.663543,176.657141,176.647991,176.633024,176.606278,176.562043,176.508802,176.466370,176.439821,176.423265,176.412165,176.404562,176.399354,176.396026,176.394479,176.395467,176.405820,176.454101,176.565878,176.649462,176.673586,176.679572,176.682186,176.684652,176.693263,176.731006,176.825264,176.914216,176.946971,176.956826,176.964442,176.975803,176.997181,177.043475,177.127745,177.219274,177.277362,177.310983,177.340102,177.373970,177.411932,177.447667,177.475606,177.493906,177.505105,177.514583,177.523897,177.526855,177.516464,177.494885,177.480669,177.498726,177.563075,177.658014,177.737737,177.770224,177.769385,177.762791,177.760190,177.757852,177.751020,177.737718,177.709236,177.661666,177.613711,177.583144,177.569248,177.564889,177.565622,177.572227,177.589286,177.617999,177.648353,177.664885,177.666828,177.657025,177.584914,177.370500,177.080837,176.906474,176.860147,176.856981,176.853220,176.836869,176.814537,176.793577,176.766200,176.733177,nan,nan,nan,nan,nan,nan,nan,nan,nan
nan,nan,nan,nan,nan,nan,nan,nan,nan,nan,nan,nan,nan,nan,nan,nan,nan,nan,nan,nan,nan,nan,nan,nan,nan,nan,nan,nan,nan,nan,nan,176.604734,176.552644,176.481863,176.428030,176.408980,176.408733,176.409821,176.409009,176.409315,176.412207,176.418009,176.428258,176.446935,176.478541,176.520524,176.562011,176.594976,176.619106,176.636506,176.648636,176.656963,176.662944,176.667594,176.671662,176.675649,176.679935,176.684927,176.690995,176.698452,176.707336,176.717353,176.728512,176.741452,176.756022,176.770874,176.784582,176.796362,176.806284,176.814621,176.821485,176.827261,176.832011,176.835070,176.836652,176.837898,176.839142,176.840060,176.840481,176.839979,176.837825,176.833927,176.828766,176.822796,176.816444,176.809630,176.800790,176.787458,176.768281,176.745459,176.724046,176.707717,176.696418,176.688031,176.681126,176.675340,176.670398,176.665959,176.661428,176.655495,176.646018,176.628998,176.597367,176.546892,176.492607,176.454393,176.432044,176.418385,176.409279,176.402975,176.398512,176.395509,176.393990,176.394904,176.405016,176.452714,176.565240,176.649700,176.673018,176.678176,176.680248,176.681994,176.687883,176.717218,176.804166,176.902056,176.942118,176.953342,176.960114,176.969230,176.985320,177.020279,177.092441,177.185257,177.249308,177.283930,177.310378,177.340398,177.376690,177.415035,177.448260,177.472057,177.487121,177.496693,177.503758,177.508800,177.510082,177.507632,177.508209,177.522557,177.556004,177.602580,177.645281,177.668181,177.673868,177.673886,177.674134,177.673516,177.668741,177.658572,177.637046,177.605092,177.577715,177.562360,177.555629,177.552090,177.547985,177.542964,177.540953,177.546350,177.557153,177.567470,177.573544,177.553117,177.442513,177.211618,176.994518,176.899461,176.877338,176.869854,176.852769,176.824239,176.789080,176.751138,176.713262,176.680604,nan,nan,nan,nan,nan,nan,nan,nan,nan
nan,nan,nan,nan,nan,nan,nan,nan,nan,nan,nan,nan,nan,nan,nan,nan,nan,nan,nan,nan,nan,nan,nan,nan,nan,nan,nan,nan,nan,nan,nan,176.663939,176.636571,176.583577,176.527324,176.495201,176.479352,176.460891,176.440401,176.426635,176.420700,176.419946,176.422981,176.430198,176.443542,176.464243,176.491218,176.522195,176.555012,176.586786,176.613613,176.633251,176.646431,176.654972,176.660695,176.665168,176.669502,176.674372,176.680157,176.686820,176.693919,176.701070,176.708467,176.716739,176.726128,176.736294,176.746492,176.756109,176.765163,176.773825,176.782063,176.789537,176.795464,176.798860,176.800111,176.800618,176.800823,176.800360,176.798947,176.796413,176.792783,176.788813,176.785104,176.781659,176.778510,176.774921,176.768892,176.758448,176.743374,176.726166,176.710594,176.698866,176.690393,176.683440,176.677269,176.671979,176.667501,176.663495,176.659319,176.653527,176.643423,176.623948,176.587051,176.531348,176.478098,176.444588,176.426030,176.414755,176.407069,176.401533,176.397459,176.394531,176.392862,176.393606,176.403262,176.450020,176.564024,176.650273,176.673004,176.677334,176.678698,176.679539,176.682705,176.702562,176.775475,176.881271,176.934464,176.949669,176.956549,176.964523,176.977924,177.006184,177.067572,177.154678,177.219327,177.253548,177.276274,177.300319,177.332226,177.372083,177.412559,177.445640,177.468989,177.484301,177.494787,177.503076,177.509623,177.514313,177.518870,177.526322,177.538340,177.554275,177.570557,177.582147,177.588365,177.590766,177.590078,177.586298,177.579943,177.573389,177.565128,177.553899,177.544454,177.539518,177.536788,177.531818,177.520766,177.503727,177.485816,177.471022,177.460038,177.459217,177.466914,177.434883,177.296281,177.083679,176.946751,176.905661,176.896762,176.886995,176.860435,176.816315,176.764050,176.715672,176.680504,176.658564,nan,nan,nan,nan,nan,nan,nan,nan,nan
nan,nan,nan,nan,nan,nan,nan,nan,nan,nan,nan,nan,nan,nan,nan,nan,nan,nan,nan,nan,nan,nan,nan,nan,nan,nan,nan,nan,nan,nan,176.680875,176.681983,176.676516,176.657891,176.633483,176.615702,176.597889,176.564842,176.520181,176.480894,176.453285,176.435954,176.427236,176.424962,176.427118,176.432370,176.440605,176.453428,176.473700,176.503869,176.542181,176.580476,176.610812,176.631052,176.643440,176.651432,176.657698,176.663755,176.670248,176.676964,176.683298,176.688985,176.694430,176.700174,176.706334,176.712785,176.719253,176.725708,176.732535,176.739974,176.747758,176.755084,176.760899,176.764186,176.765022,176.764327,176.762607,176.760017,176.756657,176.752816,176.749117,176.746467,176.745169,176.744828,176.744828,176.743812,176.740113,176.732886,176.722579,176.711005,176.700471,176.692231,176.685722,176.679782,176.674130,176.669126,176.664902,176.661124,176.656976,176.650827,176.639549,176.617130,176.575069,176.516341,176.466443,176.437608,176.421950,176.412227,176.405301,176.400079,176.396086,176.392951,176.390863,176.391172,176.400247,176.447022,176.564489,176.652133,176.673615,176.676953,176.677570,176.677582,176.678798,176.691026,176.746152,176.851885,176.922309,176.944874,176.953007,176.960650,176.972967,176.997840,177.051099,177.129676,177.191818,177.225138,177.244654,177.262549,177.286501,177.320394,177.361448,177.401798,177.435210,177.460033,177.477982,177.491667,177.502501,177.510901,177.517207,177.522033,177.526244,177.530922,177.536176,177.540466,177.543111,177.543690,177.540859,177.534129,177.525606,177.519130,177.515792,177.513698,177.512641,177.512830,177.511358,177.502845,177.483120,177.455699,177.430336,177.410138,177.392872,177.384726,177.386515,177.351598,177.220391,177.042565,176.946103,176.924094,176.917436,176.905745,176.879244,176.830806,176.770783,176.723325,176.699130,176.689425,nan,nan,nan,nan,nan,nan,nan,nan,nan
nan,nan,nan,nan,nan,nan,nan,nan,nan,nan,nan,nan,nan,nan,nan,nan,nan,nan,nan,nan,nan,nan,nan,nan,nan,nan,nan,nan,nan,nan,176.679909,176.684909,176.688380,176.686804,176.681702,176.677182,176.669835,176.650653,176.616937,176.574831,176.528778,176.484066,176.449791,176.430142,176.421470,176.418226,176.417550,176.419395,176.425460,176.438771,176.463124,176.499356,176.541239,176.578902,176.606736,176.625529,176.638762,176.649306,176.658524,176.666562,176.673269,176.678730,176.683487,176.688105,176.692722,176.697322,176.701834,176.706357,176.711382,176.717213,176.723482,176.729422,176.734200,176.736995,176.737612,176.736421,176.733813,176.730284,176.726361,176.722679,176.719832,176.718378,176.718655,176.720293,176.722025,176.722145,176.719717,176.714898,176.708242,176.700684,176.693441,176.687261,176.681878,176.676639,176.671410,176.666552,176.662318,176.658434,176.654005,176.647201,176.634330,176.608467,176.561787,176.502917,176.457942,176.433059,176.419295,176.410419,176.403846,176.398701,176.394589,176.391075,176.388375,176.387888,176.396230,176.444275,176.567177,176.655554,176.674887,176.676945,176.676827,176.676245,176.676331,176.683262,176.720655,176.814655,176.902522,176.937573,176.949089,176.957291,176.969233,176.991479,177.036471,177.104997,177.164769,177.199191,177.218547,177.233633,177.250836,177.274081,177.304666,177.340409,177.376964,177.410935,177.440442,177.464656,177.483590,177.497345,177.506575,177.512471,177.515937,177.518067,177.519795,177.520755,177.520636,177.519120,177.514657,177.505818,177.493833,177.482635,177.475527,177.473048,177.474342,177.477122,177.475984,177.463528,177.436930,177.405512,177.381424,177.365618,177.353245,177.344191,177.336158,177.300249,177.196701,177.055012,176.966731,176.942207,176.932949,176.920035,176.901017,176.867504,176.824748,176.796844,176.791847,176.795835,nan,nan,nan,nan,nan,nan,nan,nan,nan
nan,nan,nan,nan,nan,nan,nan,nan,nan,nan,nan,nan,nan,nan,nan,nan,nan,nan,nan,nan,nan,nan,nan,nan,nan,nan,nan,nan,nan,nan,176.672526,176.681123,176.688708,176.692730,176.692970,176.691820,176.689072,176.681868,176.668650,176.648827,176.617570,176.568244,176.506149,176.454198,176.425804,176.413730,176.408739,176.406993,176.407882,176.412031,176.421116,176.437803,176.463998,176.498179,176.534769,176.567897,176.595561,176.618279,176.636505,176.650424,176.660691,176.668052,176.673408,176.677786,176.681777,176.685646,176.689462,176.693252,176.697406,176.702151,176.707125,176.711817,176.715684,176.718114,176.718747,176.717606,176.715009,176.711595,176.708042,176.704996,176.702840,176.701938,176.702833,176.705308,176.707751,176.708359,176.706690,176.703371,176.698918,176.693798,176.688558,176.683520,176.678699,176.673911,176.669032,176.664254,176.659805,176.655455,176.650376,176.642599,176.627680,176.597747,176.547249,176.490865,176.451428,176.429743,176.417325,176.409051,176.402733,176.397592,176.393282,176.389420,176.386159,176.384759,176.392479,176.442774,176.571316,176.659829,176.676706,176.677291,176.676394,176.675360,176.674746,176.678071,176.700761,176.774031,176.872610,176.925850,176.944228,176.954201,176.966103,176.985478,177.020996,177.076695,177.133123,177.171174,177.194137,177.210649,177.225809,177.242454,177.262407,177.286246,177.313564,177.344314,177.377935,177.412167,177.443645,177.468062,177.484179,177.494368,177.500348,177.503200,177.504149,177.503530,177.501378,177.497365,177.489732,177.476417,177.458352,177.440485,177.427584,177.421504,177.421986,177.425793,177.425396,177.411881,177.385836,177.360111,177.343198,177.333727,177.326672,177.315505,177.288397,177.231363,177.142926,177.041959,176.972002,176.951895,176.947089,176.936779,176.923636,176.907121,176.892502,176.895883,176.916838,176.938002,nan,nan,nan,nan,nan,nan,nan,nan,nan
nan,nan,nan,nan,nan,nan,nan,nan,nan,nan,nan,nan,nan,nan,nan,nan,nan,nan,nan,nan,nan,nan,nan,nan,nan,nan,nan,nan,nan,176.640429,176.651750,176.664785,176.678076,176.688085,176.692206,176.692854,176.692012,176.689229,176.684606,176.678189,176.666619,176.640252,176.585340,176.508588,176.447869,176.418377,176.407211,176.403339,176.402572,176.403682,176.406564,176.412100,176.421844,176.437199,176.458563,176.485192,176.516313,176.550668,176.584808,176.614262,176.636648,176.651654,176.660789,176.666636,176.671090,176.675055,176.678859,176.682593,176.686540,176.690793,176.695056,176.699025,176.702337,176.704550,176.705261,176.704257,176.701851,176.698789,176.695715,176.693156,176.691451,176.690945,176.692140,176.694826,176.697507,176.698596,176.697694,176.695328,176.692073,176.688427,176.684619,176.680520,176.676180,176.671723,176.667072,176.662286,176.657475,176.652348,176.646117,176.636684,176.618836,176.584191,176.531261,176.479417,176.445478,176.426490,176.415263,176.407621,176.401571,176.396386,176.391878,176.387820,176.384222,176.382161,176.389844,176.443378,176.576321,176.664070,176.678659,176.677808,176.676137,176.674695,176.673621,176.674890,176.687748,176.737784,176.832036,176.905577,176.936290,176.950476,176.963033,176.979558,177.005571,177.045840,177.093735,177.134363,177.163435,177.185240,177.203341,177.219937,177.236665,177.254086,177.272244,177.291952,177.315283,177.344818,177.380824,177.416504,177.443953,177.462366,177.473643,177.479550,177.481613,177.480381,177.476000,177.467866,177.454117,177.433791,177.409845,177.388083,177.372175,177.362940,177.360325,177.362232,177.362214,177.352244,177.334567,177.319835,177.311700,177.307912,177.303176,177.283474,177.225157,177.129396,177.041515,176.984757,176.958234,176.960856,176.968339,176.964391,176.954398,176.946721,176.949704,176.972963,177.009794,177.041672,nan,nan,nan,nan,nan,nan,nan,nan,nan
nan,nan,nan,nan,nan,nan,nan,nan,nan,nan,nan,nan,nan,nan,nan,nan,nan,nan,nan,nan,nan,nan,nan,nan,nan,nan,nan,nan,nan,176.597224,176.606627,176.620922,176.640563,176.661171,176.675282,176.683748,176.689281,176.690974,176.689721,176.687327,176.683334,176.673283,176.645241,176.583351,176.500472,176.440992,176.414584,176.405193,176.402155,176.401529,176.402061,176.403649,176.406753,176.411927,176.419636,176.430544,176.446326,176.469585,176.502042,176.542025,176.583258,176.616687,176.638159,176.650644,176.658400,176.663935,176.668433,176.672488,176.676552,176.680765,176.684877,176.688534,176.691395,176.693243,176.693847,176.692908,176.690704,176.687973,176.685237,176.682952,176.681613,176.681662,176.683301,176.686087,176.688863,176.690455,176.690305,176.688613,176.686049,176.683289,176.680504,176.677365,176.673780,176.669826,176.665401,176.660535,176.655208,176.648992,176.641066,176.629140,176.607387,176.567961,176.514694,176.468456,176.439302,176.422580,176.412533,176.405649,176.399960,176.394747,176.390057,176.385882,176.382106,176.379724,176.388047,176.445722,176.581900,176.667712,176.680203,176.678206,176.675993,176.674277,176.672953,176.673259,176.680356,176.710266,176.783399,176.869609,176.920320,176.944158,176.959454,176.974075,176.992344,177.017844,177.050740,177.085658,177.117774,177.146720,177.172522,177.195232,177.215514,177.233413,177.248809,177.262216,177.275806,177.293490,177.319278,177.352233,177.384811,177.410638,177.428151,177.438723,177.443462,177.442376,177.435714,177.423144,177.404212,177.381128,177.358338,177.339376,177.325255,177.315647,177.310093,177.307594,177.305192,177.298643,177.289364,177.283247,177.281368,177.281105,177.274355,177.237416,177.145338,177.031903,176.964542,176.946558,176.952994,176.971971,176.989882,176.995883,176.993448,176.992898,177.001968,177.026941,177.061941,177.091739,nan,nan,nan,nan,nan,nan,nan,nan,nan
nan,nan,nan,nan,nan,nan,nan,nan,nan,nan,nan,nan,nan,nan,nan,nan,nan,nan,nan,nan,nan,nan,nan,nan,nan,nan,nan,nan,nan,176.537410,176.538702,176.545021,176.559803,176.581973,176.607323,176.637891,176.668571,176.686398,176.691489,176.691236,176.689311,176.685212,176.674151,176.643547,176.578854,176.499232,176.444795,176.418901,176.407778,176.403114,176.401458,176.401277,176.401974,176.403525,176.406064,176.409722,176.415272,176.424445,176.439836,176.465103,176.503235,176.549698,176.591485,176.620493,176.638271,176.649080,176.656131,176.661406,176.666098,176.670703,176.675038,176.678626,176.681135,176.682565,176.682938,176.682032,176.680086,176.677715,176.675289,176.673239,176.672256,176.672896,176.675049,176.677985,176.680831,176.682770,176.683187,176.682113,176.680183,176.678037,176.675912,176.673615,176.670934,176.667671,176.663598,176.658670,176.652703,176.645158,176.635104,176.619891,176.593335,176.549718,176.498446,176.458299,176.433258,176.418376,176.409293,176.403154,176.398022,176.393033,176.388317,176.384077,176.380181,176.377658,176.386896,176.448888,176.587534,176.670770,176.681439,176.678616,176.676098,176.674267,176.672874,176.672783,176.676765,176.692924,176.738084,176.815761,176.888076,176.930902,176.954025,176.969008,176.982155,176.996893,177.014870,177.036261,177.061097,177.090396,177.123287,177.156460,177.186359,177.210350,177.228109,177.240937,177.251398,177.262548,177.277288,177.297530,177.321605,177.344630,177.362899,177.376201,177.383859,177.384394,177.378450,177.366996,177.351175,177.333986,177.318327,177.305352,177.295030,177.286765,177.279717,177.273257,177.266853,177.260006,177.254054,177.251341,177.251428,177.250461,177.234396,177.170677,177.057698,176.967589,176.936128,176.938563,176.953802,176.976139,177.000618,177.018319,177.028647,177.037724,177.048420,177.065926,177.089506,177.109900,nan,nan,nan,nan,nan,nan,nan,nan,nan
nan,nan,nan,nan,nan,nan,nan,nan,nan,nan,nan,nan,nan,nan,nan,nan,nan,nan,nan,nan,nan,nan,nan,nan,nan,nan,nan,nan,nan,176.488479,176.479299,176.472716,176.472039,176.477993,176.494490,176.537420,176.606143,176.662250,176.686807,176.692771,176.692479,176.690104,176.685351,176.673648,176.643853,176.588010,176.521886,176.468174,176.433099,176.413850,176.405229,176.402048,176.401083,176.401156,176.401929,176.403151,176.405061,176.408421,176.414278,176.424615,176.443354,176.474952,176.518103,176.562571,176.598071,176.621812,176.636549,176.646115,176.653217,176.659160,176.664178,176.668024,176.670529,176.671818,176.672046,176.671193,176.669553,176.667607,176.665600,176.663894,176.663234,176.664258,176.666772,176.669921,176.672921,176.675091,176.675883,176.675396,176.674179,176.672700,176.671209,176.669661,176.667774,176.665125,176.661387,176.656372,176.649642,176.640482,176.627702,176.608133,176.575989,176.529817,176.483131,176.449406,176.428074,176.414690,176.406257,176.400733,176.396311,176.391862,176.387393,176.383209,176.379222,176.376611,176.386674,176.452228,176.592441,176.673543,176.682887,176.679408,176.676595,176.674631,176.673244,176.673068,176.675632,176.684443,176.708136,176.759282,176.834671,176.902608,176.943184,176.963220,176.974163,176.982576,176.991190,177.001319,177.014549,177.033794,177.062030,177.099143,177.139201,177.173782,177.199106,177.216104,177.227984,177.237758,177.247209,177.257948,177.270605,177.283756,177.295778,177.306841,177.315645,177.319743,177.319427,177.315561,177.308280,177.299024,177.289785,177.281578,177.274287,177.267007,177.258676,177.248950,177.238451,177.228918,177.222689,177.220241,177.219356,177.213398,177.181578,177.095258,176.993309,176.941802,176.931674,176.937890,176.951729,176.973875,177.003459,177.031548,177.052566,177.066892,177.076239,177.086863,177.100317,177.111867,nan,nan,nan,nan,nan,nan,nan,nan,nan
nan,nan,nan,nan,nan,nan,nan,nan,nan,nan,nan,nan,nan,nan,nan,nan,nan,nan,nan,nan,nan,nan,nan,nan,nan,nan,nan,nan,nan,176.475644,176.453541,176.436670,176.426238,176.421059,176.423223,176.447495,176.513241,176.601994,176.664172,176.688807,176.694001,176.692817,176.689704,176.684609,176.674183,176.652988,176.617477,176.567117,176.507611,176.455533,176.423628,176.409088,176.403653,176.402068,176.401907,176.402102,176.402572,176.403733,176.405971,176.409884,176.417124,176.430829,176.454435,176.488898,176.529903,176.568658,176.598434,176.618785,176.632570,176.642389,176.649617,176.654783,176.658142,176.659960,176.660469,176.659907,176.658687,176.657197,176.655608,176.654176,176.653613,176.654742,176.657532,176.661088,176.664535,176.667130,176.668382,176.668475,176.667962,176.667288,176.666619,176.665832,176.664597,176.662386,176.658815,176.653542,176.645750,176.634314,176.617639,176.592411,176.555043,176.509634,176.469711,176.441987,176.423745,176.411699,176.403972,176.399049,176.395196,176.391221,176.387155,176.383249,176.379326,176.376713,176.387300,176.454486,176.594839,176.675740,176.684678,176.680710,176.677545,176.675327,176.673871,176.673696,176.675680,176.681139,176.693250,176.719880,176.773940,176.852963,176.920128,176.954071,176.967037,176.972715,176.976846,176.981276,176.987369,176.997248,177.014069,177.041213,177.078077,177.117697,177.152193,177.177451,177.194481,177.206524,177.215553,177.222780,177.229187,177.235324,177.241765,177.249556,177.258162,177.265336,177.270358,177.273117,177.272515,177.268791,177.263686,177.258332,177.252326,177.244355,177.233321,177.219244,177.203686,177.190088,177.181721,177.177458,177.172752,177.158244,177.113688,177.033403,176.967016,176.940588,176.936056,176.940733,176.952284,176.973493,177.005902,177.040665,177.066687,177.080889,177.088040,177.095294,177.103116,177.109030,nan,nan,nan,nan,nan,nan,nan,nan,nan
nan,nan,nan,nan,nan,nan,nan,nan,nan,nan,nan,nan,nan,nan,nan,nan,nan,nan,nan,nan,nan,nan,nan,nan,nan,nan,nan,nan,nan,176.504350,176.458732,176.429586,176.414620,176.407406,176.404996,176.412068,176.444484,176.517702,176.608398,176.668599,176.691189,176.694832,176.692490,176.688881,176.684469,176.678138,176.667916,176.648882,176.611874,176.551567,176.485046,176.439523,176.417938,176.409570,176.406535,176.405142,176.404264,176.403965,176.404365,176.405521,176.408052,176.413286,176.422922,176.439140,176.464157,176.497903,176.534987,176.567733,176.592893,176.611282,176.624489,176.633715,176.639911,176.643797,176.645752,176.646168,176.645639,176.644597,176.643185,176.641686,176.641012,176.642353,176.645799,176.650279,176.654736,176.658297,176.660456,176.661376,176.661637,176.661804,176.662001,176.661979,176.661334,176.659436,176.655819,176.649936,176.640462,176.625627,176.603516,176.571984,176.531790,176.490785,176.458188,176.435431,176.419620,176.408775,176.401857,176.397546,176.394100,176.390489,176.386921,176.383531,176.380009,176.377784,176.388738,176.454962,176.593422,176.676815,176.686723,176.682537,176.679039,176.676507,176.674834,176.674530,176.676129,176.679937,176.686653,176.699245,176.727911,176.790168,176.875865,176.935316,176.958257,176.965032,176.967625,176.969756,176.972983,176.978527,176.987773,177.002812,177.025341,177.054770,177.087566,177.117373,177.140192,177.157008,177.169450,177.178198,177.184273,177.189386,177.194902,177.201560,177.209325,177.217038,177.223811,177.229037,177.231506,177.231127,177.228821,177.224484,177.216889,177.204934,177.188527,177.168679,177.147903,177.130288,177.118587,177.110324,177.099900,177.079651,177.040875,176.992415,176.958969,176.945217,176.942557,176.946856,176.957825,176.978107,177.010346,177.046834,177.074115,177.088238,177.095502,177.102532,177.108698,177.112482,nan,nan,nan,nan,nan,nan,nan,nan,nan
nan,nan,nan,nan,nan,nan,nan,nan,nan,nan,nan,nan,nan,nan,nan,nan,nan,nan,nan,nan,nan,nan,nan,nan,nan,nan,nan,nan,176.627029,176.561503,176.488493,176.439393,176.417846,176.409934,176.407008,176.407306,176.416574,176.451499,176.527231,176.618713,176.677551,176.696704,176.696680,176.692596,176.689031,176.686314,176.683967,176.680299,176.670640,176.644381,176.590663,176.523332,176.471017,176.440735,176.425269,176.416905,176.411624,176.408407,176.406693,176.405791,176.405680,176.406976,176.410396,176.416939,176.428100,176.445811,176.470577,176.499378,176.528177,176.554411,176.576573,176.593759,176.606251,176.615148,176.620868,176.623661,176.624407,176.623894,176.622410,176.620638,176.620250,176.622888,176.628377,176.635082,176.641677,176.647226,176.651159,176.653539,176.654924,176.656018,176.657046,176.657720,176.657534,176.655792,176.651870,176.644805,176.632564,176.612658,176.583610,176.546636,176.507497,176.473447,176.447714,176.429089,176.415313,176.405333,176.398843,176.394977,176.392149,176.389304,176.386460,176.383632,176.380782,176.379477,176.390536,176.452453,176.585991,176.675056,176.688434,176.684610,176.680894,176.678107,176.676168,176.675619,176.676822,176.679569,176.683602,176.689514,176.701994,176.736299,176.810656,176.895459,176.941445,176.956440,176.960565,176.962390,176.964831,176.968810,176.974613,176.982766,176.994168,177.009800,177.029813,177.051507,177.071496,177.089020,177.104304,177.116809,177.126560,177.134926,177.142835,177.149990,177.156188,177.161786,177.166794,177.170225,177.171445,177.171426,177.170102,177.164440,177.152289,177.134831,177.114820,177.094451,177.075452,177.059343,177.046674,177.035766,177.023995,177.008851,176.988664,176.967987,176.953947,176.947722,176.947640,176.953475,176.965514,176.985179,177.014543,177.048397,177.075475,177.091651,177.102683,177.113185,177.120876,177.124505,nan,nan,nan,nan,nan,nan,nan,nan,nan
nan,nan,nan,nan,nan,nan,nan,nan,nan,nan,nan,nan,nan,nan,nan,nan,nan,nan,nan,nan,nan,nan,nan,nan,nan,nan,176.677980,176.679565,176.665080,176.619595,176.540121,176.468003,176.432785,176.420386,176.415881,176.413422,176.412881,176.422255,176.462269,176.549287,176.646028,176.696432,176.703970,176.698240,176.693206,176.690801,176.690185,176.690326,176.689720,176.684272,176.665690,176.627692,176.575875,176.524538,176.484195,176.455018,176.434431,176.421380,176.413862,176.409274,176.406197,176.404572,176.404766,176.407113,176.411948,176.419937,176.431627,176.446726,176.464719,176.485173,176.507179,176.528461,176.546764,176.561807,176.573128,176.579923,176.582955,176.583609,176.582565,176.581111,176.582122,176.587905,176.597851,176.609269,176.620340,176.630109,176.637755,176.643016,176.646414,176.648888,176.650897,176.652186,176.652219,176.650321,176.645574,176.636256,176.619439,176.592534,176.556688,176.518023,176.484095,176.457868,176.438140,176.423020,176.411003,176.401652,176.395317,176.391829,176.389890,176.388156,176.386125,176.383806,176.381713,176.381325,176.390700,176.441432,176.563540,176.664578,176.687787,176.685968,176.682361,176.679508,176.677462,176.676743,176.677570,176.679497,176.681967,176.684805,176.689665,176.704048,176.746420,176.826400,176.901684,176.939023,176.951903,176.956451,176.959553,176.963093,176.967360,176.972473,176.978741,176.986673,176.996553,177.007479,177.018385,177.029425,177.041036,177.052678,177.063502,177.073427,177.082384,177.089272,177.093339,177.095634,177.097015,177.096493,177.093984,177.091502,177.088971,177.082151,177.069246,177.053657,177.039028,177.026600,177.016051,177.006256,176.996522,176.986701,176.977156,176.968281,176.959946,176.953112,176.949101,176.948092,176.950812,176.958881,176.972501,176.991031,177.015524,177.044458,177.071184,177.091284,177.108170,177.123383,177.133243,177.136887,nan,nan,nan,nan,nan,nan,nan,nan,nan
nan,nan,nan,nan,nan,nan,nan,nan,nan,nan,nan,nan,nan,nan,nan,nan,nan,nan,nan,nan,177.036947,177.027730,177.000990,176.908736,176.770059,176.683744,176.674164,176.683852,176.682942,176.660722,176.602981,176.524245,176.468692,176.442957,176.431800,176.425340,176.419945,176.418005,176.432974,176.489621,176.588079,176.674123,176.706378,176.704248,176.697242,176.694307,176.694163,176.695118,176.696410,176.696693,176.693015,176.681492,176.658848,176.625061,176.583918,176.538762,176.494205,176.457717,176.433043,176.418043,176.409074,176.403982,176.401817,176.401953,176.403956,176.407719,176.413138,176.419934,176.428100,176.438037,176.450288,176.464386,176.478655,176.492205,176.504103,176.512610,176.517624,176.520453,176.521629,176.522114,176.525145,176.533834,176.548067,176.564935,176.582355,176.599201,176.613746,176.624612,176.631961,176.636998,176.640602,176.642750,176.642926,176.640315,176.633461,176.619737,176.596083,176.562504,176.524929,176.490993,176.464692,176.445173,176.429944,176.417447,176.406943,176.398602,176.393035,176.390192,176.388898,176.387811,176.386320,176.384585,176.383317,176.383378,176.389076,176.422352,176.523731,176.641906,176.683561,176.685910,176.682794,176.680088,176.678172,176.677439,176.677937,176.679208,176.680742,176.682243,176.684107,176.688980,176.705420,176.749653,176.824035,176.892676,176.930498,176.946910,176.954557,176.959134,176.962866,176.966605,176.970581,176.974911,176.979639,176.984460,176.989121,176.994073,177.000025,177.007046,177.014525,177.021695,177.027991,177.032564,177.034921,177.035763,177.035571,177.033680,177.030358,177.027203,177.024332,177.019157,177.010677,177.001331,176.993331,176.987015,176.981645,176.975823,176.968680,176.960548,176.952873,176.947058,176.943616,176.942850,176.944542,176.947627,176.952596,176.961813,176.975743,176.992560,177.012542,177.036616,177.063202,177.088558,177.110854,177.127274,177.135609,nan,nan,nan,nan,nan,nan,nan,nan,nan,nan
nan,nan,nan,nan,nan,nan,nan,nan,nan,nan,nan,nan,nan,nan,nan,nan,177.271167,177.243293,177.167606,177.082274,177.043780,177.032747,177.002357,176.906081,176.767707,176.680214,176.670371,176.685162,176.691235,176.682796,176.652762,176.596872,176.534965,176.489920,176.463002,176.446189,176.433571,176.424104,176.423793,176.448126,176.511295,176.599997,176.668107,176.690274,176.692161,176.694337,176.696859,176.698568,176.700155,176.701379,176.700861,176.696960,176.688278,176.673919,176.653186,176.624519,176.585042,176.534794,176.483663,176.444240,176.419864,176.406965,176.401149,176.399255,176.399580,176.401366,176.404172,176.407556,176.411287,176.415626,176.421053,176.427489,176.434205,176.440988,176.447743,176.453566,176.458154,176.462190,176.465678,176.468496,176.472491,176.480317,176.492665,176.508328,176.526753,176.547593,176.568687,176.586893,176.600633,176.610438,176.617343,176.621508,176.622245,176.618274,176.607481,176.587266,176.557482,176.523480,176.492679,176.468129,176.449409,176.434864,176.422736,176.412152,176.403204,176.396568,176.392507,176.390384,176.389113,176.387976,176.386821,176.385898,176.385532,176.385848,176.388729,176.408327,176.486420,176.614172,176.676936,176.684407,176.682045,176.679719,176.678090,176.677410,176.677652,176.678510,176.679635,176.680687,176.681496,176.682768,176.687231,176.701905,176.738954,176.802398,176.869661,176.916360,176.941128,176.952589,176.958231,176.961950,176.964910,176.967213,176.968994,176.970619,176.972243,176.974035,176.976451,176.979868,176.984068,176.988279,176.991889,176.994467,176.996140,176.997259,176.997567,176.996483,176.994353,176.992038,176.989549,176.985893,176.980778,176.975381,176.970685,176.966504,176.962218,176.957172,176.950966,176.943971,176.937659,176.933527,176.932372,176.934682,176.940060,176.946464,176.952963,176.961414,176.973037,176.987263,177.004157,177.023794,177.048859,177.080636,177.110308,177.125148,177.121755,nan,nan,nan,nan,nan,nan,nan,nan,nan,nan
nan,nan,nan,nan,nan,nan,nan,nan,nan,nan,nan,nan,nan,177.248443,177.256613,177.269382,177.276907,177.255924,177.184505,177.094710,177.048804,177.035960,177.007130,176.918360,176.788789,176.697161,176.676163,176.687090,176.694768,176.692206,176.678541,176.650083,176.607899,176.560786,176.517751,176.482700,176.455542,176.435728,176.424254,176.426354,176.451901,176.504743,176.566359,176.612370,176.648991,176.680434,176.696288,176.700585,176.701981,176.703033,176.703152,176.701187,176.696399,176.688909,176.678912,176.666508,176.649491,176.620701,176.573812,176.515175,176.462241,176.427041,176.408854,176.400964,176.398267,176.398203,176.399516,176.401334,176.403171,176.405151,176.407458,176.409905,176.412271,176.414836,176.417916,176.421290,176.424754,176.428590,176.432715,176.436589,176.440603,176.446000,176.453223,176.462045,176.473182,176.487617,176.504887,176.522964,176.539609,176.553807,176.565182,176.572682,176.574909,176.570448,176.557506,176.535573,176.508645,176.483494,176.463871,176.448723,176.436195,176.425496,176.415945,176.407246,176.400089,176.395253,176.392477,176.390678,176.389049,176.387674,176.386914,176.386915,176.387405,176.388093,176.390345,176.404555,176.464499,176.582920,176.662784,176.679296,176.679773,176.678559,176.677379,176.676785,176.676908,176.677658,176.678747,176.679691,176.680117,176.680258,176.681003,176.684085,176.694075,176.720071,176.770029,176.835159,176.890892,176.924059,176.940250,176.949076,176.954790,176.957553,176.958031,176.958087,176.958651,176.959577,176.960798,176.962616,176.965112,176.967887,176.970399,176.972194,176.973601,176.974939,176.975731,176.975422,176.974178,176.972364,176.969964,176.966890,176.963415,176.960033,176.956879,176.953273,176.948533,176.942677,176.936128,176.929506,176.923902,176.920624,176.920882,176.925548,176.933919,176.942947,176.950357,176.956953,176.964358,176.974298,176.987510,177.000541,177.018224,177.054732,177.098144,177.115630,177.088833,nan,nan,nan,nan,nan,nan,nan,nan,nan,nan
nan,nan,nan,nan,nan,nan,nan,nan,nan,nan,nan,nan,nan,177.234800,177.247491,177.266797,177.282871,177.269490,177.201409,177.107840,177.054239,177.039446,177.020535,176.957683,176.852843,176.754741,176.703057,176.692539,176.695221,176.694934,176.688576,176.674608,176.651747,176.619674,176.578858,176.532795,176.488723,176.454621,176.433127,176.423130,176.425928,176.443031,176.468675,176.500910,176.558363,176.632263,176.675979,176.687576,176.689789,176.691786,176.695344,176.698671,176.698375,176.694380,176.688432,176.682304,176.676341,176.667332,176.649284,176.615499,176.562758,176.501765,176.452785,176.423016,176.407622,176.400618,176.398360,176.398208,176.398579,176.399094,176.399634,176.400048,176.400483,176.401365,176.402959,176.405240,176.408087,176.411593,176.415647,176.419670,176.423359,176.426940,176.430553,176.434187,176.438436,176.444228,176.451932,176.461336,176.471826,176.482784,176.493036,176.500471,176.503624,176.502182,176.495251,176.482467,176.466900,176.452835,176.442073,176.433241,176.424878,176.417068,176.409893,176.403217,176.397687,176.393963,176.391743,176.390038,176.388228,176.386816,176.386506,176.387300,176.388477,176.389563,176.391924,176.403002,176.444068,176.530673,176.618798,176.661035,176.673863,176.676399,176.676264,176.676001,176.676214,176.676999,176.678071,176.678880,176.679143,176.679084,176.679131,176.679512,176.681051,176.686910,176.703392,176.737140,176.786083,176.834344,176.869731,176.896006,176.916598,176.928546,176.932855,176.934958,176.938034,176.941853,176.945232,176.947989,176.950629,176.953330,176.955762,176.957449,176.958746,176.960011,176.960832,176.960757,176.959764,176.957901,176.955161,176.951882,176.948725,176.945917,176.943058,176.939144,176.933312,176.925716,176.917453,176.909762,176.903733,176.901025,176.903315,176.911150,176.922946,176.934819,176.943744,176.949456,176.953278,176.957992,176.964434,176.965138,176.964265,176.993508,177.049999,177.077901,177.032956,176.932097,nan,nan,nan,nan,nan,nan,nan,nan,nan
nan,nan,nan,nan,nan,nan,nan,nan,nan,nan,nan,nan,nan,177.210354,177.231940,177.260298,177.285032,177.279760,177.219522,177.128834,177.068564,177.048615,177.039014,177.007071,176.937384,176.840619,176.750505,176.702968,176.693347,176.694017,176.691915,176.684591,176.671535,176.651765,176.622569,176.581252,176.530494,176.482935,176.449935,176.431416,176.423141,176.422056,176.425656,176.437849,176.476656,176.542082,176.592346,176.612080,176.620431,176.630575,176.649764,176.673502,176.689400,176.694792,176.693561,176.690065,176.687047,176.684358,176.680492,176.672710,176.654657,176.618020,176.563115,176.504897,176.458083,176.426545,176.408940,176.400427,176.396524,176.394776,176.393857,176.393202,176.392846,176.393130,176.394239,176.396165,176.398799,176.402109,176.405915,176.409634,176.412697,176.414929,176.416549,176.417790,176.418941,176.420577,176.423212,176.427060,176.431956,176.437565,176.443039,176.447106,176.449536,176.451009,176.450821,176.447322,176.440878,176.433748,176.427669,176.422049,176.415914,176.409866,176.404551,176.399707,176.395381,176.392133,176.390150,176.388811,176.387359,176.386193,176.386235,176.387490,176.389021,176.390268,176.392365,176.399183,176.419779,176.464629,176.538141,176.616473,176.659080,176.671984,176.674675,176.675235,176.675656,176.676381,176.677232,176.677816,176.678049,176.678156,176.678329,176.678489,176.678616,176.679438,176.682667,176.690847,176.706243,176.727724,176.752430,176.782640,176.817163,176.844936,176.861392,176.873141,176.886164,176.900458,176.912903,176.922256,176.929366,176.934955,176.939170,176.941965,176.943811,176.945111,176.945688,176.945312,176.943785,176.940879,176.936594,176.931402,176.926109,176.921036,176.915900,176.909855,176.901789,176.891328,176.880015,176.870299,176.864179,176.864266,176.871801,176.885533,176.902949,176.919773,176.932344,176.939395,176.941826,176.942112,176.939810,176.925503,176.900615,176.905358,176.953329,176.981628,176.935609,176.843131,nan,nan,nan,nan,nan,nan,nan,nan,nan
nan,nan,nan,nan,nan,nan,nan,nan,nan,nan,nan,nan,nan,177.173572,177.208776,177.247863,177.279185,177.281922,177.238834,177.164398,177.102305,177.072443,177.060750,177.044386,177.002971,176.921273,176.810346,176.723291,176.691850,176.690993,176.693297,176.690941,176.683495,176.670864,176.651105,176.619840,176.573853,176.520672,176.476408,176.448359,176.432716,176.424044,176.419427,176.420162,176.433009,176.456558,176.474065,176.480613,176.485602,176.500180,176.539277,176.599524,176.654636,176.687214,176.697318,176.696044,176.693033,176.691081,176.690111,176.689385,176.686802,176.677947,176.656625,176.619223,176.568298,176.512359,176.462667,176.426044,176.404772,176.395047,176.391175,176.389351,176.388070,176.387710,176.388614,176.390510,176.393086,176.396193,176.399608,176.402770,176.405051,176.406268,176.406851,176.407209,176.407482,176.407962,176.409053,176.411001,176.413718,176.416930,176.420080,176.422390,176.424084,176.426049,176.427895,176.428038,176.425721,176.421792,176.417714,176.413555,176.408712,176.403815,176.399739,176.396205,176.392800,176.390014,176.388420,176.387665,176.386895,176.386201,176.386395,176.387644,176.389188,176.390495,176.392342,176.396162,176.404118,176.421326,176.464312,176.547785,176.626387,176.661590,176.671653,176.674042,176.674728,176.675312,176.675910,176.676338,176.676628,176.676933,176.677314,176.677662,176.677874,176.678039,176.678457,176.679536,176.681682,176.685089,176.690747,176.702197,176.720767,176.740721,176.757128,176.772165,176.790215,176.811944,176.834337,176.855010,176.872978,176.887522,176.898467,176.906203,176.911139,176.913634,176.914171,176.912981,176.909556,176.903180,176.893980,176.882975,176.871392,176.860001,176.849515,176.840125,176.830476,176.818977,176.807201,176.798950,176.796882,176.803177,176.818145,176.839925,176.866163,176.891628,176.910728,176.921713,176.925561,176.923539,176.913824,176.887859,176.845943,176.824343,176.840057,176.843945,176.803737,176.744898,nan,nan,nan,nan,nan,nan,nan,nan,nan
nan,nan,nan,nan,nan,nan,nan,nan,nan,nan,nan,nan,nan,177.131212,177.180095,177.229288,177.264701,177.274736,177.254856,177.210033,177.159263,177.121682,177.097925,177.078773,177.050408,176.989826,176.881882,176.765007,176.701194,176.690984,176.697296,176.700515,176.697569,176.688964,176.674523,176.651408,176.615287,176.567415,176.518512,176.479948,176.454225,176.437980,176.427508,176.420738,176.417781,176.416957,176.413735,176.407587,176.401709,176.403051,176.429925,176.499474,176.596204,176.672693,176.701909,176.702854,176.698474,176.695514,176.694080,176.693435,176.692653,176.690410,176.684815,176.673480,176.652946,176.619947,176.571966,176.510381,176.453023,176.417655,176.402051,176.394352,176.388248,176.384959,176.385070,176.386938,176.389489,176.392388,176.395342,176.397864,176.399462,176.400040,176.400020,176.399947,176.400109,176.400555,176.401316,176.402569,176.404364,176.406608,176.409062,176.410995,176.412463,176.414259,176.416125,176.416839,176.415678,176.412876,176.409532,176.406274,176.402767,176.399117,176.395912,176.393052,176.390332,176.388264,176.387195,176.386747,176.386427,176.386218,176.386430,176.387375,176.388890,176.390586,176.392802,176.395983,176.400023,176.406591,176.425968,176.480028,176.568267,176.636606,176.664018,176.671364,176.673049,176.673778,176.674370,176.674823,176.675151,176.675422,176.675781,176.676269,176.676780,176.677216,176.677543,176.677685,176.677548,176.677359,176.677966,176.680877,176.686649,176.693661,176.700231,176.706763,176.715044,176.725882,176.739010,176.754439,176.771687,176.789194,176.805337,176.819105,176.829034,176.834161,176.835361,176.833583,176.828319,176.818701,176.805767,176.791834,176.778475,176.766418,176.756576,176.749464,176.743818,176.737709,176.731957,176.729406,176.731480,176.739253,176.753976,176.776371,176.806883,176.840960,176.869591,176.888679,176.898161,176.898130,176.886460,176.854839,176.804876,176.769219,176.757541,176.738981,176.706874,176.677514,nan,nan,nan,nan,nan,nan,nan,nan,nan
nan,nan,nan,nan,nan,nan,nan,nan,nan,nan,nan,nan,nan,177.087372,177.144678,177.202877,177.243598,177.261479,177.262661,177.249132,177.221475,177.186686,177.152316,177.123138,177.095896,177.051879,176.962715,176.839983,176.746361,176.714625,176.717388,176.723208,176.722249,176.713980,176.699948,176.680396,176.653239,176.617502,176.575642,176.533167,176.495955,176.467261,176.446421,176.430919,176.419286,176.410278,176.402258,176.394671,176.387898,176.384162,176.394413,176.441858,176.536953,176.639065,176.693827,176.705658,176.703530,176.699924,176.697234,176.695196,176.693267,176.691035,176.688168,176.684250,176.678207,176.668192,176.650246,176.615988,176.560170,176.498640,176.453581,176.421725,176.397582,176.385528,176.383434,176.384879,176.387184,176.389801,176.392254,176.394135,176.395216,176.395433,176.395012,176.394615,176.394817,176.395498,176.396323,176.397383,176.398706,176.400331,176.402412,176.404305,176.405784,176.407423,176.408935,176.409306,176.408071,176.405448,176.402536,176.400289,176.398312,176.395985,176.393445,176.390840,176.388530,176.387127,176.386398,176.385759,176.385331,176.385314,176.385528,176.386271,176.387949,176.390363,176.393474,176.397234,176.400905,176.404506,176.412521,176.437974,176.500864,176.588387,176.644948,176.664766,176.670034,176.671815,176.672873,176.673587,176.673947,176.673998,176.674123,176.674650,176.675511,176.676490,176.677325,176.677700,176.677480,176.676994,176.676897,176.677740,176.679528,176.681762,176.683840,176.685609,176.687439,176.689610,176.692524,176.696742,176.702476,176.709459,176.717258,176.725479,176.732617,176.736939,176.738566,176.738423,176.736549,176.732599,176.727179,176.720994,176.714525,176.708456,176.703398,176.699841,176.697519,176.695440,176.693835,176.693912,176.695925,176.700307,176.708390,176.721752,176.743406,176.774615,176.808987,176.838275,176.856576,176.861852,176.852910,176.820977,176.768937,176.730713,176.712125,176.688554,176.661797,176.643864,nan,nan,nan,nan,nan,nan,nan,nan,nan
nan,nan,nan,nan,nan,nan,nan,nan,nan,nan,nan,nan,nan,177.047132,177.105039,177.169132,177.217074,177.243911,177.260030,177.267233,177.259189,177.234736,177.201450,177.168806,177.139859,177.106473,177.045604,176.946942,176.847214,176.791866,176.776286,176.772153,176.765051,176.750953,176.731127,176.708668,176.684528,176.658038,176.628303,176.594753,176.557745,176.519632,176.483628,176.452775,176.429920,176.414836,176.404676,176.397301,176.391789,176.388286,176.391524,176.415883,176.474933,176.554902,176.623961,176.669108,176.691567,176.699047,176.699529,176.697104,176.693908,176.690667,176.687487,176.684353,176.681194,176.677761,176.673144,176.664319,176.644814,176.607447,176.549082,176.477031,176.418462,176.392740,176.387368,176.386456,176.386973,176.388507,176.389868,176.390756,176.391290,176.391333,176.390832,176.390398,176.390707,176.391575,176.392579,176.393737,176.394880,176.396082,176.397810,176.399547,176.400854,176.402121,176.403176,176.403233,176.401916,176.399515,176.397225,176.396018,176.395248,176.393831,176.391754,176.389381,176.387333,176.386216,176.385493,176.384451,176.383543,176.383353,176.383662,176.384559,176.386483,176.389411,176.393293,176.397850,176.402144,176.405607,176.409981,176.421253,176.454423,176.525528,176.604188,176.647080,176.662634,176.668283,176.670964,176.672333,176.672823,176.672810,176.672887,176.673518,176.674707,176.676180,176.677468,176.678106,176.678001,176.677467,176.677028,176.677024,176.677386,176.677951,176.678582,176.679051,176.679181,176.679140,176.679469,176.680326,176.681459,176.682778,176.684414,176.686663,176.689235,176.691286,176.692630,176.693655,176.694608,176.695339,176.695447,176.694257,176.691738,176.688662,176.685550,176.682939,176.681185,176.679984,176.679334,176.679535,176.680386,176.682104,176.685523,176.691329,176.701591,176.719875,176.746082,176.774250,176.794464,176.802235,176.797314,176.770129,176.722708,176.691368,176.679902,176.661676,176.638564,176.623003,nan,nan,nan,nan,nan,nan,nan,nan,nan
nan,nan,nan,nan,nan,nan,nan,nan,nan,nan,nan,nan,nan,177.020317,177.070855,177.131866,177.183043,177.218078,177.245088,177.264182,177.268203,177.255612,177.232191,177.204856,177.177473,177.149975,177.112137,177.048627,176.968983,176.905167,176.866507,176.842317,176.822259,176.798464,176.768729,176.737235,176.708763,176.684281,176.662189,176.640342,176.615676,176.584164,176.542617,176.494527,176.452652,176.425522,176.410436,176.401953,176.396802,176.393635,176.393331,176.401328,176.424776,176.462199,176.508303,176.562348,176.616871,176.661229,176.686316,176.694297,176.693636,176.690110,176.686439,176.683162,176.680304,176.677946,176.676078,176.674215,176.670361,176.657606,176.618652,176.543308,176.468040,176.433448,176.420407,176.407225,176.398446,176.394042,176.390198,176.387727,176.387153,176.387141,176.386858,176.386691,176.387198,176.388205,176.389398,176.390737,176.391908,176.392964,176.394418,176.395848,176.396735,176.397374,176.397919,176.397913,176.396908,176.395083,176.393470,176.392835,176.392486,176.391377,176.389612,176.387682,176.386035,176.384976,176.384042,176.382734,176.381544,176.381242,176.381815,176.383046,176.385009,176.387868,176.391853,176.396762,176.401869,176.406418,176.410666,176.416998,176.432442,176.470850,176.536827,176.601226,176.639475,176.657724,176.666235,176.669778,176.670970,176.671534,176.672222,176.673272,176.674730,176.676393,176.677767,176.678447,176.678355,176.677628,176.676677,176.675937,176.675453,176.675191,176.675283,176.675585,176.675712,176.675725,176.676052,176.676580,176.676880,176.676883,176.676779,176.676978,176.677645,176.678427,176.679150,176.680029,176.681326,176.682905,176.684167,176.684260,176.682982,176.680918,176.678519,176.676259,176.674602,176.673574,176.673039,176.672800,176.672580,176.672708,176.673837,176.675925,176.679247,176.685613,176.696196,176.708514,176.716542,176.720950,176.722550,176.706592,176.673334,176.657747,176.660789,176.659908,176.654600,176.650897,nan,nan,nan,nan,nan,nan,nan,nan,nan
nan,nan,nan,nan,nan,nan,nan,nan,nan,nan,nan,nan,nan,177.006562,177.045411,177.094523,177.141520,177.180909,177.216690,177.246404,177.261856,177.261488,177.249456,177.230522,177.207855,177.183349,177.153911,177.109031,177.047448,176.986602,176.938796,176.904438,176.877476,176.848577,176.811167,176.767873,176.729342,176.701530,176.682004,176.666684,176.652098,176.633709,176.604388,176.557583,176.499991,176.451938,176.423450,176.409458,176.402771,176.399373,176.397643,176.398144,176.403170,176.413923,176.431733,176.459365,176.500168,176.555441,176.612964,176.655804,176.675811,176.681157,176.682068,176.681066,176.678925,176.676772,176.675258,176.674448,176.673582,176.668701,176.648729,176.605597,176.561011,176.542014,176.525006,176.488087,176.451107,176.421797,176.398275,176.385941,176.382910,176.382821,176.382897,176.383137,176.383886,176.385012,176.386358,176.387873,176.389247,176.390431,176.391716,176.392787,176.393238,176.393333,176.393499,176.393511,176.392838,176.391556,176.390392,176.389789,176.389278,176.388180,176.386639,176.385218,176.384169,176.383278,176.382167,176.380876,176.379962,176.379935,176.380791,176.382179,176.383921,176.386314,176.389828,176.394457,176.399896,176.405459,176.410449,176.415280,176.422058,176.436049,176.465962,176.515554,176.572062,176.617698,176.645235,176.657953,176.663764,176.667830,176.671107,176.673518,176.675407,176.676989,176.678082,176.678549,176.678289,176.677248,176.675828,176.674545,176.673511,176.672788,176.672638,176.673035,176.673574,176.674110,176.674807,176.675508,176.675855,176.675748,176.675269,176.674768,176.674552,176.674502,176.674566,176.674960,176.675872,176.677152,176.678254,176.678426,176.677495,176.675943,176.674140,176.672358,176.670902,176.669954,176.669386,176.668726,176.667650,176.666607,176.666211,176.666163,176.665754,176.665222,176.665126,176.664279,176.660834,176.661082,176.668047,176.664612,176.648622,176.645418,176.660429,176.685243,176.714191,176.736611,nan,nan,nan,nan,nan,nan,nan,nan,nan
nan,nan,nan,nan,nan,nan,nan,nan,nan,nan,nan,nan,nan,176.999608,177.029057,177.065265,177.102766,177.140524,177.181966,177.221836,177.248947,177.260191,177.258705,177.248888,177.233584,177.213524,177.185239,177.139233,177.076373,177.017735,176.975077,176.945166,176.921453,176.895503,176.857372,176.804438,176.752259,176.716791,176.696345,176.683271,176.673019,176.662664,176.647738,176.620420,176.573448,176.512716,176.460117,176.428961,176.414422,176.408165,176.405070,176.402952,176.401840,176.402483,176.405652,176.412739,176.427223,176.453293,176.493880,176.546432,176.594976,176.632684,176.659852,176.673112,176.676075,176.675260,176.674160,176.673621,176.673363,176.671824,176.664735,176.649586,176.636973,176.637965,176.636666,176.610331,176.555201,176.480920,176.417645,176.388404,176.381254,176.379979,176.379701,176.379909,176.380699,176.381922,176.383444,176.385191,176.386884,176.388331,176.389533,176.390244,176.390337,176.390164,176.390105,176.389910,176.389185,176.388148,176.387226,176.386497,176.385777,176.384776,176.383474,176.382423,176.381908,176.381388,176.380459,176.379548,176.379205,176.379502,176.380360,176.381590,176.383062,176.385065,176.388024,176.392017,176.397118,176.403003,176.408494,176.412554,176.415093,176.417525,176.423003,176.436949,176.467493,176.516936,176.568098,176.603993,176.628309,176.647711,176.662068,176.670766,176.675001,176.676690,176.677299,176.677603,176.677495,176.676479,176.674907,176.673371,176.672021,176.671041,176.670741,176.671194,176.672080,176.673077,176.674126,176.675072,176.675608,176.675560,176.674962,176.674168,176.673471,176.672833,176.672359,176.672302,176.672695,176.673401,176.674050,176.674043,176.673288,176.672169,176.670915,176.669609,176.668405,176.667558,176.666983,176.666077,176.664419,176.662444,176.660760,176.659194,176.657038,176.653984,176.650161,176.645041,176.638673,176.637646,176.645639,176.648770,176.642821,176.643884,176.664519,176.706611,176.758221,176.798392,nan,nan,nan,nan,nan,nan,nan,nan,nan
nan,nan,nan,nan,nan,nan,nan,nan,nan,nan,nan,nan,nan,176.996025,177.021303,177.050308,177.080438,177.114898,177.157476,177.201092,177.234426,177.254554,177.263110,177.263227,177.257486,177.245896,177.223018,177.174648,177.101228,177.035995,176.996165,176.973237,176.957115,176.939725,176.909508,176.855938,176.790436,176.740464,176.713142,176.698669,176.689212,176.681706,176.674193,176.662780,176.640499,176.599068,176.539978,176.483753,176.447207,176.428444,176.419053,176.413185,176.408835,176.405652,176.403345,176.402161,176.403264,176.408257,176.420286,176.441617,176.472854,176.524242,176.592434,176.643912,176.666073,176.671961,176.672971,176.673220,176.673518,176.673694,176.672779,176.670440,176.669917,176.673824,176.677079,176.669642,176.633303,176.552891,176.465451,176.419172,176.401480,176.391533,176.384916,176.380621,176.379362,176.380377,176.382115,176.383929,176.385568,176.386972,176.388007,176.388389,176.388244,176.387962,176.387611,176.386879,176.385784,176.384775,176.384030,176.383343,176.382639,176.381855,176.380854,176.380071,176.379860,176.379761,176.379370,176.379002,176.378978,176.379202,176.379697,176.380526,176.381779,176.383711,176.386437,176.389868,176.394358,176.400137,176.405881,176.409387,176.409752,176.407799,176.404680,176.402127,176.404805,176.419927,176.448959,176.485096,176.525847,176.570994,176.613393,176.643995,176.659319,176.664527,176.666459,176.669401,176.673244,176.674938,176.674280,176.672864,176.671422,176.670292,176.669792,176.670096,176.671023,176.672204,176.673482,176.674684,176.675405,176.675298,176.674531,176.673683,176.672934,176.672056,176.671228,176.670823,176.670778,176.670935,176.671115,176.670933,176.670343,176.669538,176.668619,176.667644,176.666716,176.666056,176.665590,176.664668,176.662736,176.660209,176.657804,176.655552,176.652946,176.649375,176.644393,176.637640,176.630760,176.630764,176.638767,176.642115,176.637707,176.640317,176.664608,176.711164,176.765424,176.808275,nan,nan,nan,nan,nan,nan,nan,nan,nan
nan,nan,nan,nan,nan,nan,nan,nan,nan,nan,nan,nan,nan,176.994161,177.018830,177.048015,177.078612,177.112260,177.150836,177.189159,177.221119,177.246484,177.264735,177.275400,177.280144,177.279740,177.270451,177.235778,177.162287,177.080071,177.025532,177.000317,176.989819,176.981986,176.965312,176.924680,176.857722,176.790097,176.745387,176.721621,176.708270,176.699521,176.693489,176.688198,176.679916,176.662753,176.629325,176.578639,176.523641,176.479909,176.451341,176.433354,176.421868,176.414410,176.409051,176.404836,176.401465,176.399068,176.398705,176.401043,176.408186,176.432388,176.490783,176.570772,176.630992,176.658898,176.669059,176.672780,176.674412,176.675561,176.676642,176.677835,176.679594,176.681898,176.683720,176.681694,176.664132,176.617788,176.559641,176.519919,176.490682,176.461671,176.434636,176.411561,176.398995,176.395087,176.393159,176.390838,176.388769,176.387901,176.387776,176.387524,176.387092,176.386598,176.385827,176.384595,176.383211,176.382122,176.381412,176.380820,176.380164,176.379442,176.378699,176.378282,176.378410,176.378780,176.379000,176.379005,176.378890,176.378775,176.378816,176.379096,176.379943,176.381771,176.384469,176.387676,176.391785,176.397400,176.403249,176.406444,176.405790,176.402306,176.397122,176.391188,176.386058,176.384204,176.387917,176.398343,176.417936,176.450989,176.497452,176.545178,176.579033,176.599025,176.614232,176.634529,176.657348,176.670576,176.673716,176.673136,176.671902,176.670720,176.669900,176.669747,176.670268,176.671181,176.672361,176.673689,176.674620,176.674531,176.673696,176.672965,176.672453,176.671698,176.670791,176.670203,176.669896,176.669635,176.669343,176.668894,176.668301,176.667558,176.666624,176.665574,176.664522,176.663725,176.663257,176.662496,176.660815,176.658761,176.656992,176.655247,176.653047,176.649792,176.644730,176.637694,176.631742,176.633579,176.640615,176.640884,176.633867,176.636828,176.663403,176.708921,176.759831,176.801138,nan,nan,nan,nan,nan,nan,nan,nan,nan
nan,nan,nan,nan,nan,nan,nan,nan,nan,nan,nan,nan,nan,176.995782,177.021640,177.054729,177.089681,177.122371,177.152783,177.181576,177.209128,177.237113,177.264047,177.285349,177.300176,177.310572,177.317405,177.308408,177.254750,177.160318,177.075908,177.033471,177.021673,177.019130,177.012534,176.988782,176.938489,176.870989,176.809283,176.766199,176.739574,176.723277,176.713474,176.707496,176.702108,176.693952,176.679127,176.653389,176.614730,176.566627,176.518072,176.477601,176.449466,176.432171,176.421366,176.413937,176.408171,176.403268,176.399255,176.396262,176.395080,176.400167,176.422324,176.473785,176.548148,176.613690,176.651718,176.668595,176.674992,176.677660,176.679515,176.681299,176.682879,176.683917,176.684479,176.683882,176.677587,176.660584,176.640148,176.626934,176.612639,176.588977,176.556218,176.520489,176.494799,176.477571,176.458087,176.434103,176.412561,176.399225,176.392596,176.389378,176.387616,176.386204,176.384688,176.383011,176.381400,176.380132,176.379317,176.378704,176.377901,176.376982,176.376408,176.376564,176.377362,176.378377,176.379184,176.379512,176.379385,176.379112,176.378832,176.378546,176.378757,176.380054,176.382382,176.385379,176.389286,176.394667,176.400398,176.403510,176.402704,176.399007,176.393739,176.387817,176.381878,176.376907,176.374244,176.374543,176.378379,176.388253,176.406924,176.430587,176.452191,176.472668,176.501984,176.555386,176.619292,176.658640,176.671361,176.673599,176.673299,176.672268,176.671034,176.670097,176.669725,176.669822,176.670414,176.671533,176.672642,176.672911,176.672475,176.672121,176.671971,176.671621,176.670989,176.670398,176.669743,176.668744,176.667626,176.666533,176.665357,176.663809,176.661440,176.657987,176.654064,176.651058,176.649287,176.647799,176.647052,176.649071,176.652865,176.654829,176.654369,176.653114,176.650331,176.645208,176.641420,176.643586,176.647680,176.645330,176.637681,176.639920,176.663128,176.703677,176.751146,176.791629,nan,nan,nan,nan,nan,nan,nan,nan,nan
nan,nan,nan,nan,nan,nan,nan,nan,nan,nan,nan,nan,nan,nan,177.038394,177.069918,177.103292,177.130840,177.152149,177.172850,177.197249,177.227670,177.262888,177.294845,177.318175,177.335663,177.352008,177.361268,177.333777,177.245445,177.136119,177.069870,177.050431,177.047164,177.042277,177.026893,176.995057,176.947543,176.891813,176.837902,176.793857,176.761969,176.740836,176.727794,176.718716,176.710012,176.699573,176.685900,176.666883,176.639350,176.600731,176.553098,176.506891,176.471957,176.448562,176.432943,176.421910,176.413500,176.406846,176.401534,176.397494,176.395681,176.399105,176.414475,176.452926,176.521182,176.596964,176.647277,176.669838,176.677850,176.681209,176.683598,176.685099,176.685381,176.684944,176.684178,176.682085,176.677490,176.672522,176.669834,176.666544,176.658903,176.645061,176.628291,176.615692,176.604521,176.584001,176.545518,176.494824,176.450086,176.420459,176.404483,176.395742,176.389526,176.385080,176.381978,176.379677,176.378091,176.377161,176.376468,176.375505,176.374494,176.374159,176.374872,176.376353,176.378017,176.379369,176.380184,176.380463,176.380390,176.380049,176.379499,176.379248,176.379824,176.381346,176.383750,176.387196,176.392010,176.397269,176.400392,176.399957,176.396646,176.391864,176.386508,176.380908,176.375951,176.372779,176.371572,176.371851,176.373995,176.379035,176.385605,176.391405,176.397751,176.414439,176.465403,176.551574,176.623756,176.658043,176.670339,176.673933,176.673940,176.672393,176.670386,176.668690,176.667616,176.667285,176.667773,176.668826,176.669809,176.670517,176.671089,176.671475,176.671488,176.670972,176.669873,176.667385,176.663404,176.659688,176.656291,176.651661,176.645154,176.635759,176.622462,176.608338,176.598205,176.591501,176.585807,176.586260,176.600369,176.621690,176.635692,176.642274,176.650697,176.657233,176.656376,176.653807,176.654384,176.655108,176.651761,176.646398,176.648007,176.663345,176.694935,176.738165,176.778383,nan,nan,nan,nan,nan,nan,nan,nan,nan
nan,nan,nan,nan,nan,nan,nan,nan,nan,nan,nan,nan,nan,nan,177.089534,177.101790,177.118024,177.133494,177.146204,177.160879,177.183366,177.218718,177.265565,177.308556,177.336386,177.354067,177.369377,177.381023,177.368064,177.296752,177.183046,177.101448,177.073031,177.065276,177.057294,177.042839,177.020181,176.989820,176.952156,176.908417,176.862319,176.818081,176.780651,176.753788,176.735704,176.722232,176.710790,176.700190,176.689249,176.675809,176.655997,176.625267,176.584154,176.540653,176.502005,176.470913,176.447594,176.430674,176.418462,176.409519,176.402799,176.397961,176.395215,176.395839,176.404738,176.435430,176.501722,176.582996,176.639450,176.664340,176.674776,176.681858,176.685912,176.686562,176.685588,176.684153,176.682403,176.680409,176.678597,176.677276,176.675897,176.673768,176.670447,176.666909,176.664850,176.662935,176.657090,176.640962,176.608424,176.560893,176.509200,176.466716,176.434253,176.409206,176.393373,176.384499,176.379665,176.377405,176.376269,176.375071,176.373536,176.372443,176.372440,176.373476,176.375255,176.377358,176.379235,176.380642,176.381545,176.381971,176.381975,176.381644,176.381279,176.381269,176.381955,176.383560,176.386205,176.390035,176.394408,176.397377,176.397321,176.394347,176.389992,176.385309,176.380466,176.376261,176.373672,176.372683,176.372576,176.373086,176.374752,176.377198,176.379511,176.382220,176.389233,176.412783,176.466736,176.541818,176.606430,176.643893,176.659433,176.663526,176.662814,176.660288,176.658332,176.658349,176.659555,176.660566,176.661778,176.663884,176.666466,176.668493,176.669202,176.667854,176.664338,176.658948,176.648780,176.633532,176.619848,176.607553,176.591565,176.573171,176.552925,176.529509,176.507659,176.492282,176.480167,176.468372,176.466915,176.489368,176.526182,176.553795,176.577872,176.617481,176.653207,176.664959,176.663763,176.661964,176.659998,176.656223,176.652812,176.653699,176.661755,176.684032,176.722444,176.762030,nan,nan,nan,nan,nan,nan,nan,nan,nan
nan,nan,nan,nan,nan,nan,nan,nan,nan,nan,nan,nan,nan,nan,177.187175,177.162794,177.143374,177.136367,177.138201,177.147042,177.168024,177.211500,177.274974,177.328193,177.354725,177.366414,177.374590,177.380308,177.370293,177.316456,177.217523,177.132331,177.093236,177.077540,177.065187,177.049813,177.030707,177.008951,176.983910,176.954228,176.919215,176.877671,176.831870,176.790032,176.758200,176.736195,176.721307,176.710773,176.702404,176.694219,176.683359,176.666135,176.640563,176.607819,176.569938,176.529626,176.491681,176.460225,176.436755,176.420494,176.409405,176.401852,176.396759,176.393383,176.392371,176.398748,176.425323,176.482989,176.553574,176.605209,176.639555,176.666862,176.682306,176.686391,176.686062,176.684499,176.682376,176.680364,176.678802,176.677565,176.676406,176.675335,176.674520,176.674202,176.674419,176.674581,176.673755,176.670414,176.662201,176.646786,176.622715,176.587893,176.536684,176.478834,176.435087,176.408205,176.394967,176.390771,176.388556,176.383664,176.377023,176.372592,176.371380,176.372025,176.373797,176.376355,176.378945,176.381072,176.382703,176.383860,176.384532,176.384673,176.384361,176.383986,176.384067,176.384944,176.386661,176.389239,176.392451,176.395036,176.395154,176.392343,176.388225,176.384214,176.380468,176.377387,176.375610,176.374973,176.374752,176.374726,176.375454,176.376902,176.378553,176.380632,176.384055,176.391532,176.409356,176.446440,176.502608,176.554812,176.583791,176.594644,176.597142,176.596881,176.600202,176.611870,176.627143,176.636730,176.641252,176.645777,176.650805,176.654145,176.653309,176.644298,176.627211,176.607345,176.580130,176.543461,176.513431,176.494275,176.477509,176.463126,176.450542,176.437280,176.424836,176.414607,176.404064,176.391451,176.382282,176.386907,176.403999,176.422758,176.461204,176.544024,176.629128,176.667393,176.670984,176.666898,176.662723,176.658522,176.655717,176.655575,176.659343,176.675382,176.709145,176.746669,nan,nan,nan,nan,nan,nan,nan,nan,nan
nan,nan,nan,nan,nan,nan,nan,nan,nan,nan,nan,nan,nan,nan,177.303818,177.255475,177.199634,177.159122,177.142103,177.145919,177.170582,177.223377,177.297621,177.352710,177.372660,177.376234,177.376577,177.375643,177.365562,177.328131,177.255171,177.176074,177.122291,177.092085,177.073060,177.056929,177.040506,177.023754,177.005614,176.984707,176.960062,176.928879,176.888214,176.840064,176.793256,176.757521,176.735347,176.722676,176.714619,176.707701,176.699280,176.687181,176.670457,176.649080,176.622303,176.588906,176.549206,176.506591,176.467558,176.438150,176.419149,176.407640,176.400521,176.395632,176.392050,176.390553,176.395070,176.412860,176.446251,176.491200,176.552909,176.620469,176.661845,176.676592,176.681729,176.683182,176.682268,176.680669,176.679226,176.677983,176.676790,176.675733,176.674992,176.674651,176.674687,176.674942,176.675092,176.674671,176.673527,176.672072,176.670442,176.665313,176.645173,176.601442,176.545181,176.495426,176.467259,176.457578,176.449313,176.429925,176.403937,176.384484,176.374547,176.370984,176.371719,176.374794,176.378300,176.381356,176.383963,176.386117,176.387661,176.388366,176.388269,176.387857,176.387548,176.387582,176.388058,176.389149,176.391113,176.393160,176.393409,176.391075,176.387473,176.384182,176.381545,176.379515,176.378324,176.377752,176.377259,176.376892,176.377146,176.377939,176.378893,176.380179,176.381996,176.384298,176.388162,176.397446,176.416465,176.439705,176.454736,176.460585,176.462196,176.463332,176.471361,176.495494,176.530970,176.557946,176.571702,176.580658,176.587462,176.590473,176.585267,176.562942,176.526322,176.493051,176.463276,176.433115,176.415333,176.410788,176.409307,176.407725,176.405511,176.402066,176.398004,176.393472,176.387303,176.378312,176.366355,176.353931,176.343373,176.338399,176.367615,176.469299,176.598425,176.667892,176.678524,176.672221,176.665629,176.660648,176.657713,176.656713,176.658958,176.671988,176.701148,176.734891,nan,nan,nan,nan,nan,nan,nan,nan,nan
nan,nan,nan,nan,nan,nan,nan,nan,nan,nan,nan,nan,nan,nan,177.386705,177.355429,177.296693,177.228941,177.188468,177.192861,177.233652,177.292579,177.352390,177.387413,177.393376,177.388118,177.381457,177.374591,177.363690,177.339291,177.293769,177.232204,177.169326,177.120041,177.089110,177.070142,177.055834,177.042870,177.028787,177.012346,176.993798,176.971917,176.942716,176.900943,176.847594,176.796547,176.761275,176.741627,176.730438,176.721790,176.712672,176.701799,176.688805,176.673499,176.654968,176.631778,176.601790,176.562428,176.514844,176.469268,176.436833,176.417945,176.407262,176.400562,176.395764,176.392203,176.390180,176.390900,176.395250,176.408741,176.451582,176.525545,176.588815,176.627553,176.654317,176.670274,176.677187,176.679331,176.679423,176.678663,176.677464,176.676192,176.675037,176.674086,176.673538,176.673577,176.673977,176.674278,176.674569,176.675537,176.677529,176.679658,176.679134,176.671368,176.651520,176.623216,176.602360,176.592982,176.578324,176.539653,176.483105,176.431881,176.394835,176.374617,176.369786,176.372521,176.376859,176.380960,176.384680,176.387965,176.390652,176.392278,176.392789,176.392710,176.392090,176.390870,176.389561,176.389033,176.389867,176.391324,176.391844,176.390679,176.388322,176.385942,176.384127,176.382653,176.381454,176.380457,176.379575,176.379076,176.379162,176.379488,176.379714,176.380047,176.380730,176.381602,176.382471,176.383538,176.385053,176.385789,176.383858,176.380696,176.378403,176.377626,176.381518,176.396091,176.420574,176.442905,176.456753,176.464960,176.469568,176.471381,176.466844,176.448916,176.423451,176.406279,176.397589,176.391590,176.389703,176.391670,176.394225,176.395578,176.395426,176.394252,176.392763,176.390720,176.387200,176.381080,176.370455,176.354436,176.334103,176.315388,176.329131,176.428217,176.581453,176.673975,176.690176,176.681092,176.670677,176.663403,176.659539,176.657859,176.659810,176.671791,176.697539,176.727622,nan,nan,nan,nan,nan,nan,nan,nan,nan
nan,nan,nan,nan,nan,nan,nan,nan,nan,nan,nan,nan,nan,nan,177.412866,177.415773,177.391214,177.334659,177.291821,177.304312,177.358160,177.408401,177.433071,177.434010,177.421610,177.406860,177.393243,177.380209,177.366542,177.349095,177.323357,177.284072,177.228579,177.168718,177.122780,177.095408,177.079860,177.068703,177.056600,177.041830,177.025874,177.009569,176.990157,176.960825,176.915680,176.860746,176.812267,176.779197,176.758110,176.742590,176.729206,176.716676,176.704281,176.691386,176.677063,176.660487,176.640179,176.612328,176.571529,176.519241,176.470825,176.438380,176.419924,176.409373,176.402599,176.397673,176.393811,176.390690,176.388263,176.388976,176.401308,176.430106,176.467817,176.515537,176.572075,176.619767,176.650783,176.667528,176.675510,176.678225,176.677812,176.676381,176.674857,176.673496,176.672624,176.672530,176.673025,176.673667,176.674382,176.675473,176.677061,176.678833,176.680536,176.681904,176.681705,176.680004,176.680817,176.685089,176.683736,176.659658,176.604867,176.527105,176.443645,176.387744,176.369671,176.370245,176.374813,176.379552,176.383916,176.388068,176.392098,176.395167,176.396763,176.397286,176.396551,176.394183,176.391135,176.389208,176.389173,176.390081,176.390867,176.391139,176.390529,176.389262,176.387861,176.386248,176.384450,176.382791,176.381604,176.381082,176.381092,176.381102,176.380767,176.380272,176.379950,176.379994,176.380214,176.379852,176.378074,176.374668,176.370201,176.366209,176.363553,176.362059,176.362949,176.368511,176.377947,176.386684,176.392592,176.396384,176.398692,176.400365,176.400223,176.395919,176.389815,176.386514,176.385847,176.386124,176.387371,176.389710,176.392186,176.393326,176.392848,176.391832,176.391167,176.390317,176.388025,176.383091,176.373574,176.357814,176.335907,176.313713,176.321084,176.414805,176.577562,176.684236,176.704278,176.691891,176.676214,176.665340,176.660272,176.658420,176.660377,176.671965,176.696290,176.724714,nan,nan,nan,nan,nan,nan,nan,nan,nan
nan,nan,nan,nan,nan,nan,nan,nan,nan,nan,nan,nan,nan,nan,177.406769,177.427292,177.438411,177.424604,177.410096,177.430177,177.473251,177.501197,177.500312,177.482327,177.460203,177.438514,177.417674,177.397654,177.378788,177.361736,177.345168,177.322374,177.283702,177.229390,177.174559,177.134913,177.112679,177.099680,177.087688,177.073539,177.058403,177.043992,177.028778,177.007460,176.974342,176.929819,176.881997,176.839747,176.805526,176.777421,176.754274,176.735634,176.720323,176.706871,176.694029,176.681021,176.666702,176.648390,176.620904,176.578707,176.525616,176.477394,176.444607,176.425416,176.413967,176.406218,176.400366,176.395704,176.392010,176.389709,176.389994,176.392826,176.398508,176.415762,176.454570,176.512791,176.575546,176.625496,176.658286,176.673492,176.676682,176.675896,176.674489,176.673175,176.672378,176.672308,176.672755,176.673405,176.674137,176.674990,176.675993,176.677003,176.678041,176.679439,176.681397,176.684219,176.688797,176.695318,176.701416,176.700397,176.678564,176.611703,176.500495,176.409568,176.376387,176.372192,176.373826,176.377199,176.381071,176.385419,176.390472,176.395091,176.398142,176.399654,176.399402,176.396876,176.393118,176.390395,176.389618,176.389887,176.390652,176.391881,176.392786,176.392630,176.391421,176.389329,176.386891,176.384831,176.383487,176.382828,176.382696,176.382644,176.382206,176.381351,176.380328,176.379482,176.378929,176.378068,176.376288,176.373817,176.371107,176.368775,176.367100,176.365973,176.366322,176.369271,176.373875,176.377967,176.380941,176.383247,176.385041,176.386462,176.387207,176.386950,176.386327,176.385922,176.385731,176.386062,176.387251,176.389208,176.391165,176.391853,176.391151,176.390348,176.390310,176.390240,176.388538,176.383982,176.374842,176.359048,176.336653,176.314811,176.321229,176.409424,176.574146,176.690999,176.714701,176.699095,176.679065,176.666207,176.661076,176.659546,176.661407,176.672333,176.695553,176.722737,nan,nan,nan,nan,nan,nan,nan,nan,nan
nan,nan,nan,nan,nan,nan,nan,nan,nan,nan,nan,nan,nan,nan,177.398165,177.418522,177.443096,177.461438,177.475879,177.498360,177.524401,177.539149,177.536759,177.523290,177.505080,177.482015,177.455455,177.429221,177.404506,177.382768,177.365909,177.349731,177.324215,177.282286,177.228530,177.179745,177.148493,177.130962,177.118097,177.104907,177.090505,177.075734,177.059742,177.039235,177.011462,176.977050,176.939125,176.901035,176.863813,176.826941,176.792089,176.762705,176.740129,176.722920,176.709123,176.697252,176.685597,176.672135,176.653923,176.626305,176.585384,176.535289,176.488899,176.455327,176.433824,176.419823,176.409980,176.402694,176.397381,176.393706,176.391124,176.388769,176.386404,176.386236,176.392902,176.415483,176.464708,176.539062,176.612942,176.654767,176.668432,176.672387,176.673433,176.673091,176.672727,176.672806,176.673120,176.673521,176.673990,176.674473,176.674944,176.675395,176.675912,176.676667,176.677868,176.679857,176.682888,176.686847,176.690978,176.693107,176.684673,176.641163,176.549463,176.459611,176.416548,176.394675,176.379038,176.374472,176.376450,176.380538,176.385736,176.391123,176.395582,176.398661,176.399780,176.398354,176.395302,176.392566,176.391052,176.390517,176.390952,176.392414,176.394062,176.394683,176.393762,176.391546,176.388927,176.386749,176.385286,176.384540,176.384557,176.384993,176.385080,176.384321,176.382615,176.380423,176.378560,176.377041,176.375565,176.374318,176.373304,176.372583,176.372220,176.372066,176.372740,176.374979,176.378115,176.381106,176.383595,176.385539,176.387003,176.387975,176.388399,176.388488,176.388481,176.388118,176.387475,176.387387,176.388205,176.389467,176.390571,176.390903,176.390484,176.390205,176.390551,176.390666,176.389076,176.384684,176.375800,176.359901,176.337050,176.315939,176.322274,176.403548,176.562855,176.687476,176.717467,176.700039,176.678347,176.666783,176.662991,176.661833,176.663743,176.674390,176.696064,176.720446,nan,nan,nan,nan,nan,nan,nan,nan,nan
nan,nan,nan,nan,nan,nan,nan,nan,nan,nan,nan,nan,nan,nan,177.398039,177.412486,177.433274,177.456532,177.479900,177.503624,177.525580,177.542166,177.550889,177.551795,177.543824,177.524095,177.495982,177.466864,177.438447,177.411385,177.389445,177.371982,177.351022,177.317126,177.268203,177.217277,177.180827,177.159559,177.145602,177.133161,177.119541,177.103968,177.085495,177.062363,177.034437,177.003934,176.973033,176.942968,176.912848,176.879586,176.841685,176.802990,176.769810,176.744650,176.726280,176.712461,176.700559,176.688420,176.674261,176.655625,176.629095,176.592551,176.548500,176.504570,176.468503,176.442629,176.424855,176.412589,176.404381,176.399013,176.395183,176.391986,176.389084,176.386523,176.384755,176.386426,176.400770,176.447102,176.525689,176.593010,176.631335,176.655180,176.667847,176.671781,176.672818,176.673519,176.673956,176.674168,176.674356,176.674431,176.674331,176.674210,176.674303,176.674686,176.675400,176.676731,176.678694,176.680891,176.682786,176.683586,176.679494,176.657466,176.607659,176.553595,176.513860,176.459534,176.400485,176.374043,176.371878,176.375558,176.379958,176.384956,176.390249,176.395107,176.398286,176.398889,176.397502,176.395287,176.393070,176.391611,176.391485,176.392625,176.394206,176.395109,176.394772,176.393244,176.391051,176.388887,176.387395,176.386908,176.387440,176.388643,176.389560,176.389001,176.386261,176.382220,176.378797,176.376634,176.375473,176.375143,176.375304,176.375822,176.376679,176.377624,176.378807,176.380499,176.382603,176.385228,176.387890,176.389672,176.390564,176.390986,176.391198,176.391402,176.391596,176.391294,176.390471,176.390071,176.390439,176.390871,176.391023,176.391064,176.391129,176.391407,176.391814,176.391659,176.389955,176.385701,176.377144,176.361528,176.338413,176.317082,176.321342,176.389676,176.531385,176.663272,176.709732,176.695936,176.675006,176.666293,176.664548,176.664308,176.667298,176.679159,176.700625,176.722871,nan,nan,nan,nan,nan,nan,nan,nan,nan
nan,nan,nan,nan,nan,nan,nan,nan,nan,nan,nan,nan,nan,nan,177.402823,177.412260,177.425627,177.441826,177.461484,177.485275,177.510091,177.533076,177.553074,177.566995,177.568782,177.554916,177.529836,177.501271,177.471513,177.441367,177.414591,177.392692,177.370557,177.339063,177.294472,177.246973,177.210631,177.187556,177.172155,177.159235,177.145605,177.129254,177.108475,177.082224,177.052022,177.021571,176.993470,176.968644,176.945959,176.921711,176.891499,176.854367,176.815059,176.779706,176.751552,176.730762,176.714973,176.701459,176.688266,176.673693,176.655748,176.632497,176.601954,176.563037,176.519351,176.479155,176.448440,176.427655,176.414603,176.406388,176.400708,176.396474,176.393260,176.390690,176.388483,176.386914,176.388554,176.401549,176.433151,176.477967,176.533570,176.596109,176.640413,176.659347,176.667256,176.672286,176.674826,176.675477,176.675576,176.675338,176.674688,176.673960,176.673581,176.673664,176.674142,176.675121,176.676400,176.677394,176.677825,176.677801,176.676398,176.668977,176.651266,176.630856,176.607134,176.545046,176.449422,176.390588,176.376980,176.375446,176.375849,176.379011,176.384394,176.390650,176.396036,176.399021,176.399463,176.397891,176.395162,176.392807,176.391841,176.392134,176.393024,176.393893,176.394456,176.394396,176.393393,176.391799,176.390687,176.390549,176.391180,176.392479,176.393798,176.393361,176.389779,176.384289,176.379681,176.377055,176.376076,176.376221,176.377009,176.378288,176.379990,176.381860,176.383616,176.384920,176.386142,176.388332,176.390967,176.392494,176.392824,176.392933,176.393328,176.393853,176.394350,176.394495,176.394044,176.393632,176.393634,176.393456,176.392932,176.392639,176.392864,176.393395,176.393760,176.393445,176.391869,176.387999,176.380008,176.365498,176.344575,176.325106,176.324426,176.371712,176.485219,176.618923,176.688445,176.686436,176.669681,176.664171,176.664604,176.665856,176.670355,176.683476,176.705293,176.726959,nan,nan,nan,nan,nan,nan,nan,nan,nan
nan,nan,nan,nan,nan,nan,nan,nan,nan,nan,nan,nan,nan,nan,177.408666,177.414503,177.421831,177.430593,177.443217,177.463733,177.490948,177.520327,177.549014,177.571671,177.580491,177.572959,177.553214,177.527130,177.498043,177.468219,177.440199,177.415127,177.390053,177.358189,177.317590,177.276767,177.244212,177.220920,177.203844,177.189292,177.174281,177.156190,177.132828,177.103600,177.070682,177.038449,177.010348,176.987526,176.968826,176.950997,176.929931,176.902510,176.868386,176.829890,176.791479,176.758510,176.733397,176.714848,176.700183,176.686875,176.672995,176.657263,176.637856,176.611382,176.574726,176.529837,176.486060,176.452636,176.431082,176.417671,176.408794,176.402648,176.398312,176.395058,176.392546,176.390665,176.389451,176.389926,176.393006,176.400501,176.425449,176.482531,176.552454,176.605021,176.640529,176.664052,176.674378,176.676696,176.677186,176.677032,176.676090,176.674902,176.674062,176.673759,176.673879,176.674382,176.674986,176.675095,176.674606,176.674018,176.673400,176.671571,176.667316,176.661788,176.649868,176.608521,176.531918,176.464182,176.425198,176.396663,176.378856,176.375083,176.379251,176.386193,176.393268,176.398226,176.400124,176.399266,176.396582,176.393738,176.391895,176.391084,176.391089,176.391914,176.393452,176.395035,176.395725,176.395431,176.395017,176.394822,176.394740,176.395197,176.396140,176.395679,176.392042,176.386341,176.381376,176.378495,176.377478,176.377592,176.378371,176.379851,176.382005,176.384595,176.387027,176.388400,176.389080,176.390501,176.392415,176.393373,176.393396,176.393689,176.394679,176.395778,176.396718,176.397447,176.397613,176.397427,176.397301,176.396946,176.396264,176.395823,176.396021,176.396648,176.397132,176.397063,176.396148,176.393603,176.388375,176.380800,176.374882,176.368859,176.361590,176.382045,176.460891,176.577604,176.656077,176.669040,176.661890,176.660934,176.663597,176.666152,176.671264,176.683888,176.704600,176.725777,nan,nan,nan,nan,nan,nan,nan,nan,nan
nan,nan,nan,nan,nan,nan,nan,nan,nan,nan,nan,nan,nan,177.411550,177.415349,177.418454,177.420737,177.423191,177.428426,177.441903,177.466832,177.500061,177.535472,177.564862,177.579726,177.578069,177.563312,177.540699,177.515676,177.491498,177.468175,177.444226,177.416518,177.381352,177.342302,177.308766,177.283094,177.262566,177.245421,177.229693,177.212791,177.192034,177.165479,177.133008,177.096709,177.061127,177.030713,177.007074,176.988988,176.973473,176.957355,176.937999,176.913552,176.882571,176.844369,176.802103,176.763428,176.734192,176.713980,176.699142,176.686482,176.674240,176.660940,176.644203,176.620182,176.584767,176.539167,176.493801,176.459052,176.436234,176.421643,176.412013,176.405368,176.400512,176.396958,176.394379,176.392136,176.389779,176.386957,176.384018,176.385833,176.401587,176.438361,176.500832,176.581054,176.643109,176.666957,176.672376,176.676167,176.678304,176.677903,176.676587,176.675423,176.674664,176.674208,176.673969,176.673778,176.673228,176.672302,176.671503,176.671029,176.670526,176.669631,176.668073,176.662887,176.645682,176.614075,176.578519,176.533381,176.467298,176.407587,176.380922,176.377988,176.383431,176.390563,176.396125,176.398717,176.398663,176.396791,176.394231,176.391993,176.390434,176.389819,176.390629,176.392850,176.395644,176.397892,176.399001,176.399037,176.398366,176.397464,176.396887,176.396828,176.395881,176.392539,176.387641,176.383225,176.380484,176.379489,176.379410,176.379784,176.381002,176.383302,176.386436,176.389483,176.391159,176.391616,176.392261,176.393204,176.393525,176.393516,176.394242,176.395759,176.397402,176.399036,176.400533,176.401246,176.401154,176.400933,176.400700,176.400467,176.400590,176.401203,176.402070,176.402777,176.403246,176.403825,176.405225,176.410532,176.427432,176.457800,176.474395,176.460645,176.452930,176.490481,176.567489,176.630736,176.651342,176.654134,176.658147,176.662953,176.666242,176.670998,176.682293,176.701303,176.721586,nan,nan,nan,nan,nan,nan,nan,nan,nan
nan,nan,nan,nan,nan,nan,nan,nan,nan,nan,nan,nan,nan,177.414742,177.420370,177.422541,177.421052,177.417899,177.415680,177.419632,177.435145,177.463224,177.500097,177.536401,177.559976,177.566252,177.558340,177.542494,177.526196,177.512993,177.500510,177.483538,177.455875,177.414957,177.371507,177.340468,177.321070,177.305636,177.291408,177.277228,177.260774,177.239121,177.210225,177.174156,177.133420,177.093848,177.060329,177.033742,177.012969,176.995880,176.980284,176.964385,176.946641,176.925229,176.896822,176.858125,176.811842,176.768320,176.735853,176.714322,176.699495,176.687923,176.677382,176.666093,176.651402,176.629021,176.594854,176.550107,176.504439,176.467949,176.442935,176.426625,176.415799,176.408313,176.402993,176.399033,176.395665,176.392396,176.388877,176.384943,176.381605,176.381236,176.390085,176.426802,176.507869,176.591767,176.627687,176.644334,176.664657,176.676992,176.679353,176.678301,176.676974,176.675854,176.674856,176.673895,176.672903,176.671767,176.670650,176.669960,176.669755,176.669686,176.669413,176.668695,176.666843,176.662387,176.655354,176.646272,176.624664,176.571214,176.491149,176.424436,176.394052,176.387694,176.390098,176.393689,176.395682,176.396115,176.395425,176.393835,176.391949,176.390334,176.389483,176.390144,176.392581,176.396088,176.399534,176.401735,176.401891,176.400706,176.399325,176.397902,176.396436,176.394479,176.391365,176.387709,176.384506,176.382373,176.381544,176.381345,176.381397,176.382331,176.384696,176.388167,176.391414,176.393054,176.393387,176.393761,176.394359,176.394619,176.394962,176.395901,176.397093,176.398574,176.400828,176.403292,176.404617,176.404572,176.404264,176.404318,176.404921,176.406157,176.407584,176.408815,176.409856,176.411356,176.414934,176.424662,176.451560,176.504926,176.560986,176.584708,176.573779,176.556304,176.562077,176.594086,176.627576,176.643672,176.650409,176.657249,176.663404,176.666886,176.670830,176.680934,176.698488,176.717389,nan,nan,nan,nan,nan,nan,nan,nan,nan
nan,nan,nan,nan,nan,nan,nan,nan,nan,nan,nan,nan,nan,177.399816,177.414954,177.420628,177.417609,177.409649,177.400787,177.396508,177.401011,177.416204,177.443257,177.477518,177.507550,177.526836,177.535919,177.536760,177.534925,177.535111,177.535074,177.527291,177.503358,177.460197,177.410353,177.373960,177.353928,177.341232,177.330732,177.320266,177.307303,177.288473,177.260752,177.223306,177.179314,177.137205,177.102242,177.072727,177.046748,177.024212,177.005156,176.988756,176.973402,176.957394,176.937979,176.910522,176.870719,176.821012,176.773327,176.737878,176.715135,176.700750,176.690495,176.681695,176.672068,176.658602,176.637670,176.605984,176.563740,176.517912,176.478310,176.449901,176.431495,176.419711,176.411673,176.405616,176.400659,176.396402,176.392443,176.388447,176.384597,176.381480,176.382247,176.398257,176.442594,176.496041,176.528047,176.571086,176.632569,176.669792,176.679442,176.679449,176.678129,176.676930,176.675746,176.674403,176.672843,176.671220,176.669976,176.669456,176.669551,176.669772,176.669668,176.669149,176.668332,176.667455,176.666892,176.666116,176.660673,176.640315,176.594821,176.525736,176.455812,176.412515,176.395969,176.392123,176.391687,176.391956,176.392207,176.391824,176.390935,176.389959,176.389246,176.389661,176.391939,176.395775,176.400060,176.403158,176.403620,176.402093,176.400105,176.397743,176.394894,176.391945,176.389185,176.387101,176.385686,176.384580,176.383793,176.383360,176.383468,176.384508,176.386779,176.389981,176.392877,176.394292,176.394731,176.395457,176.396469,176.397264,176.398202,176.399054,176.399247,176.399843,176.402050,176.404962,176.406740,176.406998,176.407028,176.407706,176.409191,176.411272,176.413235,176.414938,176.417006,176.420828,176.429461,176.450760,176.499757,176.569283,176.618256,176.635986,176.634143,176.625103,176.620927,176.626541,176.636834,176.644718,176.650885,176.658051,176.664346,176.667604,176.670971,176.680949,176.698668,176.717389,nan,nan,nan,nan,nan,nan,nan,nan,nan
nan,nan,nan,nan,nan,nan,nan,nan,nan,nan,nan,nan,nan,177.346329,177.385126,177.404451,177.404562,177.394198,177.381834,177.374253,177.373834,177.380734,177.395642,177.415533,177.435242,177.457772,177.489067,177.520368,177.542099,177.556856,177.565278,177.561977,177.541416,177.501623,177.451511,177.409469,177.384109,177.369986,177.360574,177.352273,177.342345,177.327520,177.304198,177.270031,177.227475,177.186191,177.152217,177.122047,177.091517,177.061470,177.035504,177.015069,176.998371,176.983220,176.967578,176.948322,176.920351,176.878774,176.826397,176.775673,176.738103,176.715358,176.702338,176.693959,176.686856,176.678450,176.666295,176.647625,176.619024,176.578549,176.530569,176.486635,176.455515,176.436300,176.424016,176.415112,176.408110,176.402492,176.397710,176.393259,176.389180,176.385691,176.383792,176.387434,176.400949,176.416461,176.428249,176.474765,176.569790,176.644946,176.673093,176.678397,176.678222,176.677450,176.676555,176.675326,176.673708,176.672041,176.670891,176.670481,176.670611,176.670824,176.670708,176.670236,176.669660,176.669463,176.670002,176.670878,176.670549,176.665596,176.650698,176.617742,176.555653,176.475762,176.418936,176.395748,176.389036,176.387668,176.388029,176.388628,176.389001,176.389054,176.388763,176.389002,176.390940,176.394656,176.399107,176.402641,176.403610,176.402094,176.399529,176.396425,176.392816,176.389380,176.387117,176.386723,176.387543,176.388018,176.387452,176.386724,176.387008,176.388192,176.389822,176.391952,176.394257,176.395779,176.396519,176.397493,176.398846,176.400185,176.401777,176.402949,176.402920,176.402973,176.404412,176.406480,176.407826,176.408246,176.408788,176.410245,176.412575,176.415187,176.417404,176.419674,176.423364,176.430443,176.445032,176.476865,176.536183,176.599582,176.634850,176.647892,176.651334,176.649853,176.646105,176.643962,176.645409,176.649009,176.653816,176.659909,176.665202,176.667766,176.670769,176.681204,176.699961,176.719370,nan,nan,nan,nan,nan,nan,nan,nan,nan
nan,nan,nan,nan,nan,nan,nan,nan,nan,nan,nan,nan,177.220717,177.268584,177.325898,177.367873,177.379457,177.371943,177.360846,177.354963,177.355261,177.360266,177.368805,177.377092,177.382137,177.392457,177.425315,177.480958,177.534693,177.569639,177.585053,177.582109,177.561956,177.526284,177.481815,177.441849,177.414852,177.398163,177.386389,177.376350,177.365882,177.352407,177.332679,177.303936,177.267270,177.230495,177.199211,177.170257,177.138383,177.103331,177.070371,177.043951,177.023369,177.006115,176.990354,176.974172,176.954145,176.924936,176.881987,176.827287,176.773724,176.735749,176.715096,176.704794,176.698678,176.693190,176.686016,176.675264,176.658316,176.631031,176.589614,176.538419,176.492709,176.461747,176.442355,176.429052,176.419069,176.411411,176.405224,176.399755,176.394973,176.391109,176.388202,176.386659,176.387142,176.387746,176.389237,176.411778,176.481499,176.575887,176.640277,176.665987,176.673725,176.676068,176.676692,176.676403,176.675475,176.674383,176.673632,176.673336,176.673256,176.673112,176.672725,176.672105,176.671493,176.671416,176.672099,176.673066,176.673573,176.672559,176.668438,176.657640,176.628889,176.564648,176.479150,176.422380,176.398790,176.388907,176.385264,176.385253,176.386550,176.387703,176.388106,176.388425,176.389943,176.393003,176.396763,176.399896,176.401052,176.400036,176.397821,176.394845,176.391198,176.387745,176.385964,176.386785,176.389437,176.391759,176.392212,176.391573,176.391638,176.392427,176.393167,176.394271,176.396239,176.398037,176.398733,176.399125,176.400131,176.401806,176.404270,176.406608,176.407558,176.407649,176.407839,176.408113,176.408315,176.408463,176.409080,176.410900,176.413965,176.417402,176.420361,176.423395,176.428295,176.437534,176.455953,176.493489,176.553903,176.609189,176.638070,176.649992,176.655279,176.656470,176.654441,176.652171,176.652124,176.654344,176.658136,176.662608,176.666042,176.667586,176.670233,176.680146,176.697754,176.715377,nan,nan,nan,nan,nan,nan,nan,nan,nan
nan,nan,nan,nan,nan,nan,nan,nan,nan,nan,nan,nan,177.179040,177.208996,177.258985,177.313402,177.341926,177.343712,177.338098,177.336446,177.339325,177.344795,177.350953,177.353945,177.351835,177.352204,177.370254,177.419044,177.489951,177.551047,177.584354,177.588471,177.569804,177.537381,177.500545,177.468852,177.446090,177.429268,177.414742,177.400452,177.385343,177.368516,177.348225,177.322772,177.292675,177.262318,177.235090,177.208702,177.178526,177.143155,177.106681,177.074933,177.049641,177.029162,177.011723,176.995644,176.978656,176.957640,176.927812,176.883091,176.824029,176.767941,176.732711,176.716499,176.709540,176.705352,176.700709,176.694005,176.683652,176.666801,176.638854,176.596368,176.545933,176.502271,176.471447,176.450218,176.435047,176.424030,176.415604,176.408549,176.402604,176.397988,176.394460,176.391414,176.388693,176.386369,176.385201,176.390767,176.416812,176.475508,176.552237,176.613538,176.648674,176.666165,176.674486,176.677753,176.678336,176.677965,176.677566,176.677396,176.677145,176.676579,176.675739,176.674711,176.673788,176.673537,176.674017,176.674641,176.674921,176.674469,176.672843,176.669073,176.659176,176.631487,176.572113,176.499763,176.445661,176.409255,176.389178,176.383047,176.383682,176.385825,176.387332,176.388090,176.389116,176.391123,176.393733,176.395984,176.396907,176.396451,176.395146,176.392843,176.389571,176.386579,176.385441,176.386732,176.389864,176.393291,176.395257,176.395416,176.395101,176.395126,176.395321,176.396125,176.397945,176.399638,176.400000,176.399850,176.400719,176.402937,176.406191,176.409246,176.410619,176.410351,176.409316,176.408227,176.407605,176.407334,176.407594,176.409237,176.412676,176.417142,176.421414,176.425494,176.430999,176.440594,176.459723,176.498714,176.558278,176.610627,176.638665,176.651081,176.657021,176.659400,176.659363,176.658729,176.658889,176.660360,176.663015,176.665704,176.667271,176.667985,176.670330,176.678614,176.692357,176.704785,nan,nan,nan,nan,nan,nan,nan,nan,nan
nan,nan,nan,nan,nan,nan,nan,nan,nan,nan,nan,nan,177.159332,177.174035,177.205244,177.253253,177.293656,177.308731,177.311293,177.314296,177.319784,177.326501,177.332466,177.334304,177.331067,177.327419,177.329395,177.347968,177.396290,177.466859,177.533507,177.568366,177.565938,177.542178,177.514297,177.491905,177.475698,177.462239,177.448349,177.431110,177.409158,177.383707,177.356967,177.330656,177.305361,177.281491,177.259360,177.237081,177.210918,177.178541,177.141823,177.106408,177.076898,177.053876,177.035290,177.018248,177.000921,176.982858,176.961839,176.930884,176.880755,176.815476,176.761050,176.732480,176.721262,176.716347,176.712358,176.707432,176.700345,176.689431,176.672216,176.644789,176.605014,176.558855,176.516585,176.483354,176.459238,176.442344,176.430165,176.420693,176.413110,176.407312,176.402867,176.398986,176.395403,176.392458,176.390324,176.389771,176.394685,176.412617,176.450358,176.507672,176.571889,176.626691,176.663332,176.679657,176.683023,176.682068,176.680994,176.680975,176.681071,176.680472,176.679314,176.677837,176.676449,176.675740,176.675681,176.675719,176.675529,176.674919,176.673710,176.671691,176.668242,176.660691,176.642490,176.604862,176.541193,176.465802,176.410796,176.386607,176.381762,176.383840,176.386497,176.387869,176.388480,176.389384,176.390732,176.391900,176.392234,176.391840,176.391056,176.389505,176.387173,176.385329,176.385106,176.386322,176.388559,176.391584,176.394423,176.395798,176.395836,176.395677,176.395906,176.396741,176.398033,176.398963,176.399116,176.399572,176.401564,176.404733,176.407954,176.410021,176.410294,176.409348,176.408075,176.406913,176.405989,176.405147,176.404794,176.405913,176.409228,176.414366,176.419783,176.424831,176.430850,176.440440,176.459324,176.498231,176.557238,176.609677,176.638972,176.652562,176.659330,176.662892,176.664551,176.665309,176.665850,176.666449,176.667317,176.668427,176.669323,176.669796,176.671097,176.676425,176.685083,176.691640,nan,nan,nan,nan,nan,nan,nan,nan,nan
nan,nan,nan,nan,nan,nan,nan,nan,nan,nan,nan,nan,177.148770,177.153705,177.168869,177.201647,177.241733,177.267034,177.278024,177.285510,177.293334,177.301254,177.307774,177.310544,177.308761,177.303332,177.292803,177.280914,177.286952,177.334507,177.418272,177.496181,177.535036,177.537673,177.524569,177.510843,177.500652,177.492571,177.483340,177.467216,177.439006,177.400608,177.362226,177.332225,177.310067,177.291730,177.274923,177.257802,177.237230,177.210095,177.175841,177.138574,177.105352,177.080333,177.061500,177.043680,177.024469,177.005566,176.987492,176.965485,176.929240,176.870489,176.803602,176.757521,176.736618,176.727910,176.722723,176.718110,176.712549,176.704687,176.693417,176.676699,176.651366,176.616178,176.574512,176.533056,176.497852,176.471302,176.452269,176.438410,176.428075,176.420334,176.414255,176.408912,176.404055,176.400032,176.396770,176.394078,176.392575,176.394051,176.401816,176.422364,176.466133,176.541004,176.626226,176.677032,176.687647,176.681968,176.677563,176.679471,176.682854,176.683815,176.682893,176.681181,176.679352,176.677972,176.677094,176.676392,176.675645,176.674726,176.673532,176.672001,176.670303,176.668630,176.667160,176.662967,176.634324,176.556093,176.463055,176.404277,176.383803,176.382589,176.385576,176.387435,176.387942,176.388024,176.388090,176.387952,176.387343,176.386528,176.385910,176.385361,176.384656,176.384336,176.384937,176.385926,176.386903,176.388518,176.391045,176.393284,176.394419,176.395130,176.396040,176.396970,176.397344,176.397052,176.396960,176.398535,176.402176,176.406172,176.408643,176.409015,176.407971,176.406825,176.406160,176.405432,176.404232,176.402807,176.401925,176.402493,176.405384,176.410655,176.416609,176.422205,176.428831,176.439054,176.458159,176.496392,176.554696,176.608064,176.638888,176.653872,176.661880,176.666567,176.669161,176.670568,176.671347,176.671213,176.670581,176.670987,176.672485,176.673239,176.672878,176.674864,176.679790,176.683542,nan,nan,nan,nan,nan,nan,nan,nan,nan
nan,nan,nan,nan,nan,nan,nan,nan,nan,nan,nan,177.144445,177.142625,177.142444,177.148644,177.167614,177.197190,177.222871,177.238424,177.248968,177.258116,177.266272,177.272740,177.276163,177.275040,177.267841,177.251650,177.227113,177.208887,177.224887,177.289033,177.381635,177.464850,177.512440,177.525957,177.522839,177.517451,177.514370,177.511446,177.499628,177.466474,177.413329,177.362573,177.329804,177.310564,177.296688,177.284901,177.273808,177.260687,177.241915,177.214394,177.178656,177.142376,177.113544,177.091883,177.072108,177.050573,177.028774,177.009382,176.990330,176.963958,176.919102,176.855159,176.795888,176.760738,176.743750,176.734614,176.728596,176.723209,176.716521,176.707632,176.695894,176.679748,176.657425,176.627919,176.591953,176.553168,176.517200,176.488074,176.466397,176.450727,176.439094,176.429754,176.421546,176.414263,176.408176,176.403105,176.398785,176.395111,176.392106,176.390376,176.392429,176.407556,176.457147,176.549323,176.635481,176.664684,176.653477,176.646419,176.659766,176.676763,176.684705,176.685746,176.684238,176.682106,176.680020,176.678188,176.676669,176.675366,176.674132,176.672880,176.671556,176.670301,176.669506,176.670173,176.673310,176.671282,176.633864,176.541223,176.443826,176.394271,176.383385,176.384683,176.386627,176.387390,176.387134,176.386139,176.384664,176.382963,176.381616,176.381177,176.381687,176.382557,176.383433,176.384541,176.385625,176.386154,176.386688,176.388261,176.390410,176.392203,176.393823,176.395605,176.396919,176.396824,176.395731,176.395433,176.397613,176.402098,176.406349,176.408278,176.408033,176.406860,176.405840,176.405031,176.403768,176.402159,176.400846,176.400147,176.400464,176.402860,176.407790,176.413594,176.419226,176.426458,176.437805,176.457407,176.494576,176.552141,176.606339,176.637896,176.653554,176.662353,176.667684,176.670572,176.671998,176.672924,176.673285,176.673352,176.674605,176.677078,176.678333,176.677462,176.678069,176.681661,176.685022,nan,nan,nan,nan,nan,nan,nan,nan,nan
nan,nan,nan,nan,nan,nan,nan,nan,nan,nan,nan,177.140528,177.137575,177.136154,177.139530,177.150274,177.167704,177.185864,177.199450,177.208909,177.216401,177.222730,177.227330,177.228658,177.225548,177.218460,177.206610,177.188240,177.168907,177.164622,177.194438,177.269275,177.374265,177.466870,177.515138,177.526569,177.525618,177.524191,177.524236,177.517418,177.481439,177.414825,177.355276,177.322971,177.307479,177.297979,177.292144,177.290037,177.288600,177.282698,177.266949,177.237748,177.200752,177.165404,177.135190,177.109199,177.083365,177.056565,177.032660,177.012040,176.989762,176.956646,176.905538,176.845907,176.798504,176.769209,176.752025,176.741687,176.734423,176.727050,176.718262,176.708127,176.696300,176.681945,176.663672,176.639643,176.609213,176.574569,176.540151,176.510361,176.486655,176.467691,176.451818,176.438142,176.426621,176.417337,176.409820,176.403590,176.398338,176.393727,176.389619,176.386755,176.389602,176.411193,176.464327,176.530452,176.564240,176.557023,176.559351,176.601831,176.651031,176.678159,176.686185,176.686096,176.683965,176.681444,176.678863,176.676609,176.674795,176.673259,176.671924,176.670721,176.669642,176.668894,176.669050,176.670988,176.673474,176.663465,176.609990,176.510307,176.426640,176.392764,176.385942,176.385993,176.386782,176.386621,176.385063,176.382464,176.379650,176.377795,176.377596,176.378810,176.380506,176.382020,176.383591,176.385213,176.386118,176.386310,176.386853,176.388058,176.389558,176.391405,176.393680,176.395501,176.395735,176.394909,176.395017,176.397460,176.401724,176.405447,176.407157,176.407545,176.407390,176.406505,176.404556,176.401953,176.400057,176.399483,176.399482,176.399877,176.401949,176.406313,176.411457,176.416746,176.424415,176.436677,176.456377,176.492363,176.549817,176.605189,176.636963,176.652267,176.660748,176.665958,176.668854,176.670152,176.671139,176.672729,176.675109,176.678320,176.681794,176.683864,176.684260,176.685479,176.688402,176.691024,nan,nan,nan,nan,nan,nan,nan,nan,nan
nan,nan,nan,nan,nan,nan,nan,nan,nan,nan,nan,177.134367,177.132299,177.131774,177.134761,177.141612,177.151103,177.160860,177.168599,177.173958,177.177962,177.181315,177.183071,177.180693,177.174893,177.170457,177.167329,177.160274,177.148220,177.136940,177.141667,177.189388,177.292376,177.410244,177.484887,177.511795,177.517726,177.511074,177.502418,177.499382,177.468445,177.396766,177.338416,177.312789,177.302387,177.298087,177.301277,177.313417,177.328221,177.336556,177.332205,177.311048,177.276212,177.235184,177.195107,177.161055,177.129391,177.095785,177.064299,177.038037,177.014460,176.987110,176.948500,176.898436,176.848285,176.808326,176.780094,176.761513,176.749012,176.738453,176.727985,176.717741,176.707608,176.697001,176.684757,176.669075,176.648705,176.623708,176.595225,176.565771,176.537396,176.510155,176.484305,176.461237,176.442530,176.428499,176.417859,176.409323,176.402344,176.396496,176.391410,176.387193,176.385323,176.390703,176.409034,176.433565,176.444204,176.434633,176.440546,176.504299,176.594329,176.656882,176.681669,176.685807,176.684203,176.681696,176.678981,176.676481,176.674384,176.672617,176.671168,176.669994,176.669019,176.668313,176.668109,176.668714,176.669902,176.667500,176.646882,176.588321,176.500328,176.429491,176.397164,176.387682,176.386233,176.386018,176.384437,176.381173,176.377407,176.375038,176.374943,176.376405,176.378289,176.380165,176.382305,176.384538,176.385844,176.385881,176.385579,176.385818,176.386825,176.388570,176.390855,176.392845,176.393673,176.393854,176.394963,176.397679,176.401139,176.403600,176.404677,176.405633,176.406517,176.405913,176.403405,176.400295,176.398524,176.398384,176.398707,176.399371,176.401584,176.405490,176.409802,176.414613,176.422258,176.434303,176.452885,176.487396,176.545631,176.603854,176.636998,176.651738,176.658992,176.663522,176.666551,176.668079,176.668996,176.670923,176.674468,176.679111,176.683858,176.687313,176.689531,176.691822,176.694219,176.695932,nan,nan,nan,nan,nan,nan,nan,nan,nan
nan,nan,nan,nan,nan,nan,nan,nan,nan,nan,nan,177.129260,177.128398,177.128411,177.130364,177.134208,177.138647,177.142263,177.144669,177.146531,177.148426,177.150464,177.151394,177.148050,177.141987,177.138843,177.138782,177.137195,177.131172,177.121159,177.115898,177.142029,177.224533,177.333149,177.407817,177.443146,177.455207,177.432866,177.399585,177.393185,177.376414,177.326840,177.303106,177.304665,177.305978,177.309832,177.325437,177.352925,177.379267,177.393350,177.392314,177.374528,177.341855,177.299507,177.255810,177.218821,177.185808,177.149536,177.110626,177.074369,177.043412,177.015199,176.983656,176.944948,176.902042,176.860764,176.824408,176.795133,176.773053,176.755552,176.740884,176.728685,176.718269,176.708704,176.698849,176.687254,176.672972,176.655945,176.636377,176.614624,176.590443,176.562171,176.529252,176.495115,176.465760,176.444235,176.428844,176.417165,176.408098,176.400912,176.395016,176.390176,176.386615,176.385454,176.387707,176.390708,176.388398,176.378454,176.375113,176.416584,176.515480,176.616259,176.668849,176.682158,176.682331,176.680388,176.678243,176.676257,176.674446,176.672771,176.671280,176.669991,176.668896,176.668081,176.667678,176.667710,176.667894,176.666862,176.660211,176.638067,176.586820,176.506453,176.433591,176.397355,176.386661,176.384733,176.383313,176.380078,176.376011,176.373382,176.373154,176.374391,176.376075,176.378162,176.380807,176.383448,176.384954,176.384975,176.384397,176.384335,176.385197,176.386783,176.388718,176.390452,176.391612,176.392596,176.394343,176.397072,176.399864,176.401351,176.401616,176.402193,176.402974,176.402519,176.400693,176.398570,176.397381,176.397146,176.397242,176.398124,176.400603,176.404080,176.407586,176.411832,176.418757,176.429228,176.445250,176.476905,176.535084,176.598477,176.636369,176.651943,176.657995,176.661704,176.664864,176.666707,176.667475,176.668957,176.672160,176.677218,176.683417,176.688624,176.692260,176.695273,176.697597,nan,nan,nan,nan,nan,nan,nan,nan,nan,nan
nan,nan,nan,nan,nan,nan,nan,nan,nan,nan,nan,177.127519,177.125959,177.124721,177.124326,177.124302,177.123835,177.122986,177.122379,177.122647,177.123928,177.126204,177.128018,177.125702,177.120228,177.116189,177.114556,177.113116,177.109408,177.102197,177.095727,177.106995,177.156237,177.226759,177.277530,177.302797,177.302114,177.256887,177.201946,177.186621,177.182784,177.184411,177.240692,177.306654,177.337851,177.354728,177.378964,177.410006,177.432861,177.441052,177.436130,177.417337,177.385577,177.344888,177.302961,177.268626,177.240283,177.208095,177.166820,177.120997,177.079036,177.044421,177.013771,176.982630,176.950227,176.917234,176.882938,176.848249,176.815931,176.787658,176.764541,176.746708,176.732870,176.721513,176.711312,176.700942,176.689424,176.676590,176.662722,176.647909,176.631218,176.609849,176.580354,176.542732,176.503813,176.471445,176.447335,176.429843,176.417339,176.408251,176.401352,176.395913,176.391660,176.388627,176.386437,176.384023,176.380314,176.374798,176.370450,176.384543,176.447546,176.551065,176.632912,176.666521,176.674997,176.676551,176.676351,176.675681,176.674759,176.673649,176.672392,176.670946,176.669444,176.668238,176.667591,176.667406,176.667216,176.666294,176.663631,176.656578,176.637187,176.588543,176.504940,176.429407,176.394485,176.385136,176.382464,176.379154,176.375299,176.372878,176.372458,176.373094,176.374194,176.376123,176.378903,176.381699,176.383499,176.383976,176.383782,176.383943,176.384885,176.386372,176.387972,176.389351,176.390418,176.391346,176.392730,176.394999,176.397612,176.399183,176.399297,176.399105,176.398941,176.398415,176.397698,176.396963,176.396415,176.396086,176.396002,176.396838,176.399051,176.401918,176.404762,176.408220,176.413622,176.421558,176.433774,176.459106,176.511425,176.580740,176.630643,176.651883,176.658375,176.661543,176.664496,176.665895,176.665930,176.667038,176.670191,176.675663,176.683110,176.689772,176.694287,176.697646,176.700047,nan,nan,nan,nan,nan,nan,nan,nan,nan,nan
nan,nan,nan,nan,nan,nan,nan,nan,nan,nan,nan,177.123407,177.118616,177.114501,177.111254,177.106860,177.100748,177.095579,177.093207,177.092754,177.093310,177.095547,177.098180,177.096713,177.090982,177.085503,177.082347,177.079650,177.074997,177.068044,177.062028,177.064910,177.085876,177.118321,177.137644,177.128799,177.091124,177.031095,176.980366,176.966977,176.980253,177.040743,177.180241,177.322703,177.398525,177.428720,177.448495,177.466576,177.475925,177.474857,177.465073,177.445197,177.415311,177.377759,177.338994,177.308592,177.285530,177.258738,177.220220,177.171873,177.122301,177.078982,177.043530,177.013475,176.987100,176.963037,176.938003,176.909185,176.876283,176.841331,176.808541,176.781078,176.759216,176.741868,176.727800,176.715782,176.704520,176.693303,176.682129,176.671099,176.659647,176.645563,176.625165,176.595601,176.558358,176.519018,176.483227,176.454788,176.434794,176.421488,176.412326,176.405460,176.400084,176.395935,176.392496,176.389228,176.386069,176.383008,176.380415,176.383765,176.408943,176.468618,176.546295,176.608699,176.645064,176.663200,176.671262,176.674416,176.675246,176.675034,176.674214,176.672670,176.670657,176.668887,176.667860,176.667505,176.667282,176.666596,176.665256,176.663069,176.657598,176.639009,176.587320,176.502191,176.433303,176.404278,176.393078,176.383853,176.376720,176.373630,176.373026,176.372902,176.372985,176.374108,176.376318,176.378906,176.381134,176.382444,176.382979,176.383520,176.384633,176.386230,176.387817,176.389087,176.389972,176.390506,176.391193,176.392727,176.395062,176.396969,176.397430,176.396935,176.396265,176.395951,176.396036,176.395880,176.395407,176.395089,176.395105,176.395654,176.397013,176.399006,176.401226,176.403735,176.407226,176.412276,176.419980,176.435745,176.473077,176.540636,176.609948,176.647486,176.659429,176.663460,176.666623,176.667170,176.665450,176.665971,176.669792,176.676129,176.684396,176.691772,176.696753,176.700317,176.702773,nan,nan,nan,nan,nan,nan,nan,nan,nan,nan
nan,nan,nan,nan,nan,nan,nan,nan,nan,nan,nan,177.105068,177.093837,177.085780,177.080156,177.071535,177.059211,177.048946,177.043779,177.041385,177.039918,177.041074,177.044136,177.043475,177.037604,177.031988,177.029393,177.026513,177.020753,177.013360,177.007189,177.004728,177.006615,177.008838,176.998382,176.958964,176.898423,176.845685,176.818003,176.820462,176.863420,176.982614,177.177376,177.356294,177.453589,177.488257,177.499010,177.503335,177.502876,177.496920,177.484675,177.464614,177.437307,177.404126,177.370337,177.344471,177.324037,177.298890,177.263324,177.218223,177.168724,177.120616,177.078079,177.042878,177.015298,176.994185,176.975731,176.955828,176.931558,176.901512,176.867850,176.834692,176.804728,176.778783,176.757054,176.739470,176.725062,176.712716,176.701873,176.692139,176.682944,176.672670,176.658603,176.638744,176.612642,176.580292,176.542682,176.504139,176.471452,176.448154,176.432538,176.421460,176.413133,176.406775,176.401712,176.397487,176.394026,176.391251,176.388956,176.388508,176.394722,176.413731,176.448639,176.499575,176.560741,176.615318,176.650831,176.668567,176.675312,176.676945,176.676543,176.674882,176.672472,176.670192,176.668725,176.668186,176.668128,176.667998,176.667633,176.667226,176.666456,176.662051,176.643237,176.595063,176.529304,176.480735,176.446239,176.411794,176.386534,176.376696,176.374982,176.374056,176.372719,176.372342,176.373304,176.375388,176.378030,176.380221,176.381564,176.382613,176.384034,176.385826,176.387521,176.388930,176.389941,176.390505,176.390942,176.391731,176.393189,176.394768,176.395404,176.394991,176.394357,176.394366,176.394777,176.394506,176.393672,176.393253,176.393306,176.393461,176.393868,176.394870,176.396402,176.398150,176.400207,176.402930,176.406721,176.413452,176.431602,176.478787,176.555349,176.619488,176.648666,176.660587,176.669806,176.673062,176.669724,176.668624,176.672594,176.679516,176.687726,176.694878,176.699934,176.703551,176.705975,nan,nan,nan,nan,nan,nan,nan,nan,nan,nan
nan,nan,nan,nan,nan,nan,nan,nan,nan,nan,nan,nan,177.039237,177.028328,177.021749,177.010857,176.995370,176.982250,176.974265,176.969574,176.966453,176.966065,176.968287,176.968760,176.965440,176.962564,176.962255,176.961200,176.957420,176.952063,176.945880,176.937711,176.922902,176.896670,176.860610,176.815976,176.770630,176.742680,176.737595,176.760372,176.843247,177.020094,177.241826,177.407104,177.486780,177.513573,177.519276,177.519493,177.518573,177.514046,177.502628,177.483867,177.460418,177.434380,177.409102,177.388322,177.364783,177.330410,177.289305,177.247421,177.205374,177.162010,177.117515,177.075596,177.041368,177.017054,176.999668,176.984508,176.967659,176.946039,176.919486,176.890515,176.861511,176.833180,176.805904,176.780843,176.759127,176.741536,176.727904,176.716783,176.706807,176.696619,176.684283,176.669059,176.651577,176.631198,176.605593,176.572811,176.535081,176.499801,176.471971,176.451185,176.435838,176.424494,176.415814,176.409012,176.403729,176.399669,176.396438,176.394193,176.393944,176.396998,176.404882,176.421702,176.456412,176.515267,176.585578,176.640681,176.668752,176.677581,176.678595,176.677247,176.674944,176.672453,176.670626,176.669881,176.669959,176.670338,176.670695,176.671061,176.671593,176.671631,176.668119,176.655609,176.633115,176.604441,176.556375,176.482341,176.416984,176.387165,176.380774,176.378064,176.374120,176.371202,176.370374,176.371864,176.374911,176.377867,176.379969,176.381703,176.383633,176.385628,176.387357,176.388896,176.390139,176.390937,176.391377,176.391553,176.391928,176.392711,176.393181,176.392774,176.392047,176.391949,176.392242,176.391803,176.390816,176.390285,176.390185,176.390028,176.389894,176.390262,176.391294,176.392630,176.393985,176.395321,176.396478,176.397157,176.399887,176.415717,176.463180,176.533945,176.588890,176.628027,176.665104,176.684597,176.682706,176.678308,176.679729,176.685288,176.692283,176.698584,176.703375,176.706779,176.708979,nan,nan,nan,nan,nan,nan,nan,nan,nan,nan
nan,nan,nan,nan,nan,nan,nan,nan,nan,nan,nan,nan,176.961461,176.950165,176.942803,176.934229,176.924449,176.916169,176.910290,176.907025,176.905314,176.904565,176.905017,176.905881,176.905861,176.905808,176.906573,176.907116,176.906418,176.903849,176.898096,176.886763,176.863790,176.823621,176.775693,176.736120,176.711467,176.703262,176.710735,176.747972,176.864128,177.085241,177.316877,177.452881,177.505356,177.520929,177.524059,177.525996,177.530123,177.531702,177.525277,177.510831,177.492964,177.475457,177.459250,177.441216,177.406435,177.348357,177.290184,177.250702,177.222290,177.192450,177.155360,177.112434,177.071321,177.039891,177.018916,177.003860,176.989896,176.973536,176.953913,176.932387,176.910589,176.888303,176.864054,176.837115,176.808962,176.783566,176.763646,176.747884,176.734097,176.720987,176.707169,176.692356,176.677759,176.663493,176.647855,176.628097,176.601615,176.569342,176.535593,176.504120,176.477472,176.456376,176.439797,176.426802,176.416915,176.409638,176.404313,176.400437,176.397742,176.396198,176.395916,176.397712,176.405600,176.429587,176.482977,176.561393,176.628597,176.660948,176.672026,176.676664,176.677772,176.676187,176.674100,176.672895,176.672644,176.672960,176.673530,176.674249,176.675172,176.676171,176.676909,176.677536,176.679500,176.679894,176.654849,176.578453,176.482548,176.425251,176.406648,176.394938,176.381522,176.371874,176.367567,176.367994,176.371327,176.374999,176.378015,176.380723,176.383371,176.385655,176.387377,176.388867,176.390140,176.390965,176.391279,176.391041,176.390720,176.390816,176.390929,176.390366,176.389395,176.388889,176.388787,176.388253,176.387376,176.386815,176.386543,176.386271,176.386108,176.386436,176.387330,176.388414,176.389298,176.389602,176.388813,176.386093,176.381186,176.376611,176.383538,176.416380,176.470339,176.546133,176.637323,176.693872,176.702378,176.695114,176.690169,176.691158,176.696207,176.701903,176.706519,176.709678,nan,nan,nan,nan,nan,nan,nan,nan,nan,nan,nan
nan,nan,nan,nan,nan,nan,nan,nan,nan,nan,nan,nan,176.886398,176.871622,176.862563,176.859999,176.861404,176.862813,176.863176,176.864322,176.865800,176.865968,176.865387,176.866010,176.867563,176.868456,176.868376,176.868629,176.869393,176.868589,176.863938,176.853036,176.830408,176.791222,176.745588,176.711670,176.695347,176.693544,176.703215,176.738759,176.850912,177.072281,177.314239,177.459122,177.511418,177.524195,177.527758,177.533640,177.543955,177.553383,177.554661,177.544540,177.526384,177.506631,177.488138,177.465518,177.417186,177.336996,177.265959,177.233884,177.222672,177.209160,177.185321,177.150290,177.109192,177.071500,177.043000,177.022859,177.007188,176.992332,176.976597,176.960219,176.944242,176.928362,176.910417,176.887807,176.859928,176.830498,176.804742,176.783583,176.765156,176.748052,176.731160,176.714362,176.698890,176.685165,176.672375,176.659171,176.643523,176.623610,176.598874,176.569859,176.538652,176.508052,176.479695,176.455084,176.435951,176.422568,176.413627,176.407495,176.402920,176.399336,176.396528,176.394267,176.393326,176.397462,176.416571,176.462541,176.526465,176.581107,176.622317,176.656005,176.675956,176.680974,176.679254,176.676999,176.675703,176.675280,176.675560,176.676368,176.677505,176.678750,176.680136,176.682350,176.686761,176.692453,176.686757,176.647046,176.578518,176.523111,176.491115,176.456870,176.417342,176.386685,176.369417,176.364819,176.367887,176.372660,176.377109,176.381114,176.384477,176.386762,176.387892,176.388669,176.389627,176.390438,176.390689,176.390280,176.389701,176.389315,176.388891,176.388053,176.386948,176.386118,176.385605,176.384935,176.384144,176.383640,176.383339,176.383017,176.382899,176.383364,176.384262,176.385055,176.385321,176.384463,176.381952,176.377567,176.371010,176.361338,176.350242,176.347892,176.373395,176.452753,176.578962,176.679155,176.714318,176.712224,176.701431,176.696704,176.699783,176.705170,176.709609,176.712505,nan,nan,nan,nan,nan,nan,nan,nan,nan,nan,nan
nan,nan,nan,nan,nan,nan,nan,nan,nan,nan,nan,nan,nan,176.796333,176.790444,176.794241,176.803602,176.812777,176.819705,176.826017,176.830963,176.832297,176.831094,176.831326,176.833524,176.834467,176.832720,176.831306,176.831835,176.831893,176.828895,176.820145,176.801151,176.769322,176.733159,176.706307,176.693446,176.692390,176.698767,176.719343,176.791033,176.957997,177.194951,177.397195,177.497534,177.526861,177.536559,177.548502,177.565872,177.583264,177.589475,177.572192,177.531786,177.484802,177.444379,177.409544,177.358041,177.283438,177.226244,177.211299,177.216088,177.215897,177.204578,177.182148,177.150541,177.114505,177.079676,177.050356,177.027687,177.009994,176.994689,176.980328,176.966984,176.954370,176.940605,176.922691,176.898723,176.870743,176.843814,176.820408,176.799609,176.779936,176.760025,176.739854,176.721075,176.704657,176.690560,176.678348,176.666790,176.654194,176.639184,176.620398,176.596701,176.567850,176.534037,176.497631,176.464883,176.441090,176.426043,176.416479,176.409580,176.404108,176.399775,176.396189,176.393089,176.391404,176.394753,176.408574,176.432614,176.463632,176.512121,176.583625,176.649156,176.679610,176.683479,176.680353,176.677848,176.676717,176.676597,176.677248,176.678463,176.679912,176.681348,176.682865,176.685051,176.687890,176.687243,176.674793,176.650271,176.625891,176.602693,176.566836,176.516516,176.461688,176.413141,176.387647,176.383631,176.387159,176.392162,176.396880,176.399903,176.399961,176.396339,176.391803,176.390227,176.390961,176.391400,176.390582,176.389300,176.388089,176.386806,176.385479,176.384304,176.383357,176.382578,176.381811,176.381355,176.381663,176.381885,176.381127,176.380400,176.380868,176.381866,176.382065,176.381174,176.378917,176.375032,176.370022,176.363921,176.355100,176.342308,176.330062,176.336222,176.391574,176.508642,176.634932,176.705470,176.719149,176.708887,176.701761,176.703883,176.708955,176.713026,nan,nan,nan,nan,nan,nan,nan,nan,nan,nan,nan,nan
nan,nan,nan,nan,nan,nan,nan,nan,nan,nan,nan,nan,nan,176.731613,176.731466,176.736924,176.746385,176.757215,176.767944,176.778414,176.786346,176.788909,176.787448,176.786996,176.788789,176.789087,176.785883,176.782664,176.781585,176.781068,176.779164,176.772886,176.759203,176.738059,176.714965,176.697554,176.689014,176.688321,176.690167,176.694525,176.723734,176.825373,177.030725,177.279401,177.451022,177.519458,177.544140,177.565911,177.592831,177.616250,177.614481,177.563889,177.473617,177.385822,177.322963,177.281923,177.246479,177.210334,177.191626,177.197087,177.210681,177.217391,177.214287,177.202930,177.183938,177.157160,177.123848,177.088601,177.057382,177.033355,177.015118,176.999911,176.986532,176.974601,176.962669,176.947851,176.927932,176.904004,176.879928,176.858064,176.838012,176.818210,176.796561,176.772669,176.748902,176.727522,176.709771,176.695750,176.684194,176.673577,176.662831,176.650615,176.635185,176.614820,176.587178,176.550347,176.508107,176.471000,176.445649,176.429848,176.419073,176.411000,176.404986,176.400348,176.396382,176.393192,176.391737,176.393031,176.396697,176.404007,176.426955,176.484318,176.571048,176.641316,176.667405,176.671313,176.672812,176.674838,176.676012,176.676689,176.677907,176.679620,176.681210,176.682300,176.683039,176.683635,176.683412,176.680758,176.675277,176.668291,176.658659,176.642097,176.615994,176.577858,176.530881,176.494044,176.475563,176.468400,176.468138,176.470677,176.470882,176.463904,176.444896,176.421263,176.408132,176.405136,176.403333,176.398735,176.393004,176.388548,176.385481,176.383345,176.382062,176.381214,176.380449,176.380008,176.381512,176.386043,176.388852,176.385796,176.382367,176.383833,176.386372,176.384473,176.379855,176.375219,176.370192,176.365011,176.359885,176.353437,176.344935,176.338828,176.348744,176.391385,176.482116,176.600939,176.684858,176.711326,176.708266,176.704870,176.707852,176.712615,176.716350,nan,nan,nan,nan,nan,nan,nan,nan,nan,nan,nan,nan
nan,nan,nan,nan,nan,nan,nan,nan,nan,nan,nan,nan,nan,176.685700,176.686618,176.688588,176.692244,176.698304,176.707009,176.717307,176.725820,176.729289,176.728507,176.727463,176.727640,176.727027,176.724323,176.721204,176.718697,176.716680,176.714783,176.710912,176.703400,176.692897,176.681953,176.674158,176.671418,176.671787,176.668595,176.659122,176.658438,176.711516,176.876309,177.137723,177.368420,177.485140,177.530235,177.563517,177.600751,177.624796,177.598367,177.497310,177.361764,177.259616,177.205147,177.177846,177.165712,177.166861,177.178542,177.194394,177.208745,177.217243,177.218688,177.214586,177.205068,177.187889,177.161509,177.128525,177.095450,177.067653,177.045529,177.026727,177.009970,176.995767,176.983407,176.969980,176.953282,176.933934,176.914363,176.896167,176.879032,176.861112,176.839560,176.813205,176.784428,176.756871,176.733850,176.716324,176.702555,176.690927,176.680621,176.670501,176.659160,176.645225,176.626598,176.599799,176.562356,176.519071,176.481155,176.454014,176.435382,176.422453,176.413577,176.407111,176.401887,176.397729,176.394804,176.392977,176.391805,176.391768,176.397917,176.422371,176.474495,176.537968,176.584053,176.615417,176.643557,176.663748,176.671985,176.673926,176.675613,176.678007,176.680093,176.681251,176.681418,176.680793,176.679816,176.678894,176.677823,176.676010,176.672987,176.668172,176.660197,176.646600,176.629536,176.617762,176.612389,176.609201,176.609031,176.610899,176.609129,176.596668,176.565472,176.523192,176.491511,176.474555,176.460950,176.443082,176.424042,176.411304,176.405191,176.401800,176.399424,176.397490,176.395731,176.395205,176.400916,176.415892,176.424900,176.415304,176.405258,176.411390,176.419976,176.412966,176.399383,176.390962,176.385640,176.381508,176.379045,176.377356,176.377784,176.390041,176.424173,176.471224,176.531320,176.608122,176.666974,176.691747,176.699603,176.705013,176.710386,176.714973,nan,nan,nan,nan,nan,nan,nan,nan,nan,nan,nan,nan,nan
nan,nan,nan,nan,nan,nan,nan,nan,nan,nan,nan,nan,nan,176.648759,176.648991,176.647029,176.644675,176.644268,176.646798,176.651514,176.656078,176.658553,176.659040,176.658509,176.657650,176.657120,176.656753,176.655587,176.653429,176.651306,176.650005,176.648914,176.647235,176.644650,176.641474,176.639906,176.641326,176.641385,176.632682,176.613605,176.596130,176.620087,176.755335,177.020228,177.289005,177.437904,177.491523,177.521764,177.554105,177.570160,177.523279,177.396892,177.260439,177.181607,177.154748,177.148140,177.150236,177.162706,177.180612,177.196498,177.208914,177.217391,177.221038,177.220768,177.216709,177.206323,177.187400,177.161793,177.134825,177.110114,177.087459,177.064783,177.041646,177.021345,177.005599,176.991521,176.976497,176.960652,176.945107,176.930703,176.917090,176.902241,176.883074,176.857539,176.826755,176.794291,176.765352,176.742793,176.725013,176.710308,176.698071,176.687274,176.676764,176.665688,176.652916,176.636226,176.612214,176.578592,176.538662,176.499997,176.467983,176.444731,176.429224,176.418475,176.410424,176.404442,176.400241,176.397378,176.395295,176.393576,176.393262,176.398590,176.414617,176.437975,176.464465,176.509254,176.576994,176.633383,176.657035,176.663999,176.669752,176.675275,176.678748,176.680286,176.680258,176.678901,176.677075,176.675940,176.675590,176.675357,176.675012,176.674534,176.673376,176.670894,176.668596,176.669860,176.675119,176.682207,176.689438,176.694663,176.694452,176.685856,176.666982,176.642318,176.620949,176.604138,176.585248,176.558326,176.529599,176.511844,176.504177,176.498324,176.491745,176.485204,176.479237,176.475139,176.480723,176.502666,176.516036,176.498526,176.481938,176.495390,176.512377,176.500439,176.478746,176.468984,176.466320,176.465961,176.468019,176.470917,176.476377,176.496508,176.534333,176.568107,176.593707,176.624261,176.649936,176.668919,176.687701,176.702337,176.710857,nan,nan,nan,nan,nan,nan,nan,nan,nan,nan,nan,nan,nan,nan
nan,nan,nan,nan,nan,nan,nan,nan,nan,nan,nan,nan,nan,176.614247,176.614301,176.610486,176.604969,176.600581,176.598274,176.596951,176.595602,176.595453,176.597094,176.598254,176.598097,176.598456,176.599586,176.599648,176.598602,176.597995,176.598644,176.600524,176.603406,176.606146,176.607482,176.608804,176.610855,176.608572,176.597383,176.578955,176.565044,176.596988,176.744796,177.015912,177.277153,177.413469,177.452718,177.461621,177.466343,177.461177,177.413517,177.309823,177.211061,177.162290,177.149706,177.150293,177.156182,177.167667,177.183948,177.200566,177.214078,177.222055,177.224693,177.224698,177.222841,177.216819,177.204590,177.187582,177.169343,177.151240,177.131799,177.108014,177.078997,177.050685,177.029078,177.012272,176.996915,176.982506,176.969296,176.957618,176.946988,176.935501,176.920434,176.899346,176.871659,176.838907,176.805859,176.777361,176.753603,176.733705,176.717660,176.704414,176.692581,176.681580,176.671059,176.659922,176.646059,176.626752,176.599689,176.564584,176.524754,176.487548,176.458741,176.438291,176.424081,176.414387,176.407860,176.403497,176.400450,176.397833,176.395239,176.393372,176.393606,176.395935,176.403872,176.433135,176.493957,176.561844,176.604616,176.630559,176.654166,176.670456,176.677581,176.679792,176.679584,176.677736,176.675384,176.673931,176.673680,176.674121,176.674960,176.675975,176.676722,176.676944,176.677450,176.679735,176.684394,176.690714,176.697080,176.701642,176.702920,176.700259,176.694297,176.687631,176.682626,176.678336,176.671065,176.657064,176.640698,176.630885,176.627163,176.624022,176.619716,176.615407,176.612228,176.610340,176.613405,176.628023,176.638204,176.624352,176.611383,176.623330,176.636282,176.624601,176.605926,176.597675,176.595760,176.596408,176.598350,176.597131,176.591134,176.590552,176.600414,176.608767,176.613170,176.620352,176.629709,176.647397,176.673635,176.695781,nan,nan,nan,nan,nan,nan,nan,nan,nan,nan,nan,nan,nan,nan,nan
nan,nan,nan,nan,nan,nan,nan,nan,nan,nan,nan,nan,176.577827,176.579694,176.578766,176.573984,176.566910,176.560700,176.556601,176.552761,176.548406,176.546824,176.549216,176.551683,176.552565,176.553768,176.555439,176.555999,176.555910,176.556897,176.559585,176.563844,176.569578,176.575423,176.579289,176.581154,176.581424,176.577891,176.569524,176.559004,176.565023,176.643788,176.847474,177.123069,177.332576,177.420616,177.434974,177.424516,177.403918,177.372846,177.324624,177.258030,177.200912,177.170268,177.157219,177.153982,177.157217,177.165995,177.184884,177.211765,177.234997,177.242474,177.237670,177.232131,177.228748,177.224693,177.218040,177.208776,177.197934,177.185613,177.170037,177.147759,177.116902,177.083699,177.056750,177.035402,177.016962,177.001301,176.988322,176.977904,176.969270,176.960656,176.949733,176.934331,176.913184,176.885775,176.854008,176.821926,176.791726,176.764749,176.742765,176.725144,176.709945,176.696707,176.685734,176.676296,176.666767,176.655551,176.640678,176.619367,176.588936,176.549978,176.508888,176.473564,176.447676,176.430334,176.418995,176.411568,176.406546,176.402624,176.398885,176.395076,176.391542,176.389005,176.390461,176.402785,176.428747,176.461211,176.499069,176.554718,176.617284,176.657587,176.673813,176.678641,176.678999,176.677248,176.674943,176.673456,176.673197,176.673894,176.675154,176.676498,176.677457,176.677823,176.678189,176.679609,176.682572,176.686640,176.690654,176.693691,176.695381,176.695409,176.694008,176.692291,176.690776,176.688776,176.685509,176.680755,176.676292,176.674575,176.675195,176.676101,176.676371,176.676612,176.677933,176.680351,176.683660,176.689949,176.695785,176.693600,176.689594,176.692193,176.694569,176.688823,176.680286,176.674638,176.671237,176.669319,176.667032,176.659590,176.644294,176.628134,176.618467,176.612623,176.608697,176.607138,176.609423,176.624639,176.652668,176.680706,nan,nan,nan,nan,nan,nan,nan,nan,nan,nan,nan,nan,nan,nan,nan
nan,nan,nan,nan,nan,nan,nan,nan,nan,nan,nan,nan,176.534795,176.535424,176.533239,176.526662,176.517372,176.509573,176.505091,176.501492,176.497509,176.496288,176.498955,176.501756,176.503054,176.504653,176.506957,176.508787,176.510244,176.512663,176.516648,176.521953,176.528122,176.533777,176.536894,176.536624,176.534581,176.532680,176.530322,176.528204,176.553596,176.676203,176.929476,177.213719,177.389340,177.445292,177.446224,177.427178,177.390071,177.334527,177.275832,177.229043,177.198034,177.179633,177.168944,177.164573,177.162463,177.166023,177.192792,177.242181,177.285769,177.293576,177.274202,177.255420,177.245083,177.239461,177.235585,177.231001,177.224562,177.215656,177.202849,177.183948,177.157041,177.125663,177.095901,177.067992,177.043209,177.023617,177.008690,176.997502,176.989060,176.981708,176.973235,176.962090,176.947344,176.927851,176.903197,176.874358,176.842730,176.810485,176.781146,176.756058,176.734108,176.715546,176.701397,176.690819,176.681899,176.673353,176.663964,176.651852,176.634321,176.608063,176.571887,176.530053,176.490512,176.459320,176.437720,176.423799,176.414921,176.408777,176.403793,176.399262,176.395206,176.392052,176.390839,176.393087,176.398290,176.404225,176.417558,176.462561,176.542183,176.612858,176.652093,176.669119,176.675282,176.676453,176.675696,176.674883,176.674714,176.675225,176.676089,176.676826,176.677182,176.677206,176.677335,176.678199,176.680083,176.682663,176.685142,176.687177,176.688821,176.689722,176.689638,176.688872,176.687540,176.685489,176.683055,176.681000,176.680051,176.680416,176.681603,176.682882,176.683874,176.684733,176.685872,176.687305,176.688640,176.690338,176.692232,176.692608,176.691888,176.692085,176.692790,176.692351,176.690509,176.687681,176.684326,176.680948,176.676556,176.668203,176.653572,176.635818,176.620773,176.609897,176.602350,176.596183,176.592671,176.601375,176.623735,nan,nan,nan,nan,nan,nan,nan,nan,nan,nan,nan,nan,nan,nan,nan,nan
nan,nan,nan,nan,nan,nan,nan,nan,nan,nan,nan,nan,176.470195,176.472024,176.470136,176.462626,176.452305,176.444124,176.439801,176.437253,176.434974,176.434228,176.435626,176.437159,176.437726,176.438406,176.440186,176.443123,176.446597,176.450144,176.453887,176.458074,176.462022,176.464136,176.463037,176.458385,176.453311,176.452627,176.456399,176.463082,176.496643,176.625757,176.892528,177.203054,177.404219,177.473915,177.479659,177.454051,177.391713,177.305286,177.237216,177.203794,177.189075,177.182251,177.184266,177.193554,177.194337,177.194642,177.232882,177.307112,177.367762,177.374580,177.342140,177.308175,177.286969,177.275994,177.270014,177.264538,177.258175,177.249548,177.237157,177.221118,177.200746,177.175574,177.145787,177.112242,177.080930,177.056363,177.037646,177.022893,177.011561,177.002635,176.993964,176.984520,176.973951,176.961305,176.945424,176.925189,176.900110,176.870669,176.838583,176.805738,176.773505,176.744917,176.723281,176.708258,176.697265,176.688369,176.680203,176.671508,176.660909,176.646192,176.624615,176.594158,176.555025,176.512223,176.474578,176.447554,176.430321,176.419347,176.411689,176.405785,176.401046,176.397392,176.394923,176.393607,176.393129,176.393421,176.397005,176.413082,176.452770,176.513461,176.576665,176.624160,176.652779,176.667547,176.674239,176.676668,176.677320,176.677681,176.677821,176.677508,176.676941,176.676503,176.676414,176.676817,176.677840,176.679349,176.680887,176.682385,176.683927,176.685062,176.685405,176.685020,176.683954,176.682302,176.680584,176.679354,176.678880,176.679113,176.679707,176.680279,176.680705,176.681030,176.681294,176.681522,176.681751,176.682219,176.682749,176.682642,176.682143,176.682376,176.683463,176.684459,176.684317,176.682555,176.679513,176.675792,176.671139,176.663832,176.651784,176.636081,176.620669,176.607953,176.597957,176.588163,176.579579,176.581518,176.595772,nan,nan,nan,nan,nan,nan,nan,nan,nan,nan,nan,nan,nan,nan,nan,nan
nan,nan,nan,nan,nan,nan,nan,nan,nan,nan,nan,nan,176.399894,176.402614,176.402252,176.397192,176.390290,176.385162,176.382383,176.380701,176.379153,176.377908,176.377392,176.377126,176.376307,176.374721,176.373462,176.374451,176.377265,176.379605,176.381084,176.382818,176.384417,176.384298,176.381492,176.375723,176.369229,176.366940,176.371737,176.383191,176.413768,176.516375,176.756757,177.091153,177.358560,177.480296,177.500562,177.457021,177.355999,177.244481,177.186248,177.176981,177.180111,177.186075,177.208857,177.251957,177.278726,177.284817,177.324495,177.398439,177.450413,177.449576,177.414591,177.377514,177.352452,177.337379,177.326176,177.315333,177.304884,177.292492,177.275925,177.257301,177.238221,177.217219,177.191129,177.159447,177.127577,177.100250,177.077035,177.056076,177.038545,177.025324,177.014429,177.004584,176.995690,176.987155,176.977548,176.964845,176.948045,176.927087,176.901230,176.869394,176.831713,176.792401,176.758986,176.734952,176.718368,176.706277,176.696529,176.687856,176.679456,176.670092,176.658065,176.641400,176.617108,176.582332,176.539402,176.497497,176.464747,176.442337,176.427483,176.417380,176.410134,176.404818,176.401054,176.398419,176.396772,176.396353,176.397259,176.400354,176.409036,176.429200,176.466629,176.520113,176.576824,176.622836,176.652973,176.667347,176.673162,176.676818,176.678714,176.678795,176.678011,176.677135,176.676453,176.676033,176.676072,176.676645,176.677515,176.678643,176.680017,176.681176,176.681724,176.681650,176.680997,176.679937,176.678910,176.678096,176.677531,176.677369,176.677448,176.677454,176.677404,176.677378,176.677300,176.677128,176.676973,176.677047,176.677234,176.677116,176.676844,176.677159,176.678093,176.678771,176.678350,176.676625,176.673947,176.670577,176.666110,176.659221,176.648349,176.634193,176.619218,176.605450,176.593412,176.580383,176.567412,176.563848,176.572649,nan,nan,nan,nan,nan,nan,nan,nan,nan,nan,nan,nan,nan,nan,nan,nan
nan,nan,nan,nan,nan,nan,nan,nan,nan,nan,nan,nan,176.350087,176.351965,176.352454,176.350678,176.348092,176.345967,176.344219,176.342626,176.340872,176.339065,176.337719,176.336695,176.335122,176.332253,176.329005,176.327587,176.327801,176.327603,176.327063,176.327294,176.327855,176.327500,176.325369,176.321024,176.315613,176.312591,176.315301,176.324835,176.345933,176.408960,176.583104,176.890181,177.204790,177.385025,177.420413,177.351783,177.226535,177.132343,177.117108,177.143180,177.169435,177.197912,177.254108,177.341923,177.404461,177.417940,177.435975,177.474609,177.497628,177.486930,177.456580,177.428133,177.409717,177.396714,177.383757,177.369677,177.354705,177.335884,177.311374,177.284804,177.260458,177.239405,177.218857,177.195783,177.170875,177.145970,177.120624,177.094201,177.070072,177.051551,177.037430,177.025686,177.016130,177.008685,177.001647,176.992474,176.980470,176.966124,176.948395,176.924882,176.893244,176.854089,176.813764,176.779446,176.753136,176.733310,176.718170,176.706431,176.697089,176.688700,176.679821,176.669462,176.656013,176.636694,176.608483,176.571112,176.529741,176.492071,176.462650,176.441680,176.427158,176.417119,176.410285,176.405642,176.402704,176.401363,176.400891,176.400439,176.400465,176.402611,176.410243,176.429629,176.465926,176.518241,176.573402,176.611478,176.636120,176.656483,176.670415,176.677705,176.680039,176.679140,176.676950,176.675040,176.674364,176.674594,176.675066,176.675758,176.676810,176.677927,176.678687,176.678935,176.678705,176.678197,176.677721,176.677187,176.676491,176.675937,176.675529,176.675051,176.674649,176.674445,176.674305,176.674111,176.673849,176.673631,176.673587,176.673642,176.673743,176.674097,176.674634,176.674647,176.673585,176.671613,176.669222,176.666386,176.662224,176.655375,176.644930,176.631656,176.616799,176.602053,176.588350,176.572469,176.555280,176.545947,nan,nan,nan,nan,nan,nan,nan,nan,nan,nan,nan,nan,nan,nan,nan,nan,nan
nan,nan,nan,nan,nan,nan,nan,nan,nan,nan,nan,nan,176.321403,176.322292,176.322541,176.321986,176.321131,176.319432,176.316636,176.313833,176.311264,176.308721,176.306631,176.304995,176.303204,176.300816,176.298440,176.297148,176.296420,176.295285,176.294371,176.294181,176.293969,176.292909,176.290325,176.285943,176.281148,176.278603,176.280444,176.286809,176.297639,176.325306,176.419042,176.629348,176.893136,177.073640,177.122706,177.064227,176.971042,176.947334,177.001798,177.067439,177.124954,177.196800,177.296548,177.417176,177.500166,177.516467,177.510332,177.512018,177.510702,177.494112,177.468452,177.448141,177.436997,177.428983,177.419289,177.407381,177.391677,177.368225,177.336292,177.300859,177.269246,177.246469,177.230649,177.216455,177.200980,177.182972,177.160755,177.134214,177.107265,177.084390,177.066152,177.050658,177.037871,177.028761,177.021408,177.012631,177.002090,176.990651,176.977501,176.960890,176.938955,176.910530,176.876880,176.841489,176.807466,176.776929,176.751879,176.732985,176.719250,176.708439,176.698550,176.688789,176.678429,176.666396,176.650932,176.629658,176.600839,176.565268,176.527143,176.492098,176.463782,176.442604,176.427600,176.417600,176.411418,176.408058,176.406181,176.404527,176.402840,176.401141,176.399771,176.400549,176.406940,176.424636,176.455303,176.491313,176.534918,176.585759,176.631530,176.664554,176.679535,176.679451,176.672841,176.667912,176.668951,176.672230,176.673854,176.674270,176.674759,176.675587,176.676447,176.677051,176.677279,176.677216,176.677101,176.676790,176.676027,176.675042,176.673975,176.672852,176.671960,176.671436,176.671173,176.671086,176.671007,176.670780,176.670564,176.670593,176.670819,176.671048,176.671082,176.670475,176.668975,176.666856,176.664590,176.662121,176.658442,176.652164,176.642635,176.630163,176.615117,176.599761,176.585596,176.568341,176.547756,176.532329,nan,nan,nan,nan,nan,nan,nan,nan,nan,nan,nan,nan,nan,nan,nan,nan,nan
nan,nan,nan,nan,nan,nan,nan,nan,nan,nan,nan,nan,176.300257,176.300161,176.298899,176.297086,176.295266,176.291462,176.285149,176.279118,176.274488,176.270509,176.267271,176.264951,176.263489,176.263018,176.263750,176.265234,176.266258,176.266413,176.266370,176.266106,176.264778,176.262171,176.258118,176.252691,176.248019,176.246676,176.249433,176.254407,176.258118,176.263514,176.296270,176.390884,176.525812,176.632180,176.680241,176.673081,176.656984,176.708251,176.808485,176.892461,176.987024,177.123046,177.269496,177.414095,177.520874,177.553491,177.541379,177.525644,177.512363,177.492330,177.467913,177.450867,177.443424,177.438898,177.432607,177.424466,177.411475,177.387017,177.348883,177.304378,177.266871,177.244677,177.233833,177.226609,177.219176,177.209513,177.194889,177.174288,177.150007,177.125548,177.103188,177.082541,177.064250,177.050726,177.040382,177.029533,177.018027,177.006793,176.995067,176.982040,176.967111,176.949351,176.927731,176.901543,176.870781,176.836941,176.803841,176.775335,176.752977,176.735417,176.720534,176.707533,176.695756,176.684453,176.672907,176.660088,176.644376,176.623726,176.596771,176.564511,176.530108,176.496446,176.466658,176.444042,176.429252,176.420575,176.415481,176.411892,176.408991,176.406256,176.403189,176.399948,176.397153,176.395954,176.397150,176.403271,176.425577,176.473485,176.545394,176.619721,176.660579,176.663199,176.647654,176.638936,176.649661,176.665478,176.673082,176.674378,176.674172,176.674322,176.675080,176.676115,176.676858,176.677098,176.677158,176.677008,176.676207,176.674726,176.672792,176.670814,176.669314,176.668358,176.667779,176.667654,176.667843,176.667819,176.667463,176.667206,176.667196,176.667016,176.666283,176.664875,176.662931,176.660720,176.658560,176.656465,176.653657,176.649003,176.641706,176.631143,176.617644,176.605169,176.595223,176.580541,176.557538,176.534549,nan,nan,nan,nan,nan,nan,nan,nan,nan,nan,nan,nan,nan,nan,nan,nan,nan
nan,nan,nan,nan,nan,nan,nan,nan,nan,nan,nan,nan,176.273363,176.271176,176.266168,176.260211,176.254457,176.245857,176.234113,176.223951,176.217276,176.212814,176.210001,176.208600,176.208520,176.210292,176.214339,176.219652,176.224248,176.227152,176.228471,176.227920,176.224986,176.220259,176.214520,176.208800,176.205529,176.206651,176.212110,176.219225,176.222618,176.221529,176.227823,176.255818,176.298628,176.335886,176.364544,176.387126,176.416533,176.480964,176.556742,176.617211,176.733345,176.928949,177.130697,177.318581,177.475844,177.552476,177.555124,177.535274,177.515679,177.491937,177.466014,177.449357,177.443225,177.439667,177.434266,177.428126,177.417614,177.392637,177.347513,177.293720,177.254346,177.237570,177.233241,177.231901,177.230695,177.228554,177.222684,177.211069,177.194010,177.172728,177.149227,177.124352,177.099488,177.078395,177.061275,177.045335,177.030552,177.017688,177.005916,176.994779,176.983908,176.972374,176.958929,176.942234,176.921233,176.895417,176.865725,176.834580,176.804692,176.777256,176.752708,176.732129,176.715194,176.700719,176.688111,176.676925,176.666185,176.654452,176.640177,176.622408,176.600348,176.572221,176.537836,176.501992,176.471605,176.450004,176.435902,176.426542,176.420150,176.415360,176.411008,176.406685,176.402314,176.397657,176.392469,176.387986,176.389539,176.407460,176.456102,176.527571,176.579085,176.588794,176.571635,176.568731,176.604643,176.648256,176.670126,176.674468,176.673559,176.672815,176.673684,176.675762,176.677431,176.677976,176.678102,176.678081,176.677270,176.675292,176.672412,176.669485,176.667349,176.665934,176.664823,176.664294,176.664475,176.664571,176.664012,176.663164,176.662388,176.661222,176.659181,176.656448,176.653502,176.650783,176.648644,176.647131,176.645804,176.644304,176.642075,176.638026,176.633907,176.636139,176.643712,176.640625,176.615282,176.577019,nan,nan,nan,nan,nan,nan,nan,nan,nan,nan,nan,nan,nan,nan,nan,nan,nan
nan,nan,nan,nan,nan,nan,nan,nan,nan,nan,nan,nan,176.231770,176.226715,176.216797,176.205107,176.194085,176.181507,176.167574,176.156795,176.150772,176.148223,176.147894,176.148652,176.149976,176.152320,176.156521,176.162380,176.168020,176.171330,176.171451,176.168724,176.164347,176.159406,176.154413,176.150573,176.149739,176.153432,176.162299,176.174290,176.182821,176.185077,176.188457,176.201084,176.220275,176.236468,176.251009,176.271110,176.295303,176.321104,176.336856,176.351246,176.438509,176.633019,176.871505,177.118986,177.355618,177.512470,177.560731,177.550226,177.524721,177.494410,177.465464,177.448183,177.441744,177.437025,177.430444,177.424357,177.414053,177.387091,177.336801,177.278309,177.240650,177.229891,177.231480,177.235443,177.239743,177.243886,177.245041,177.241357,177.232919,177.219147,177.199416,177.173772,177.143928,177.114126,177.086828,177.062015,177.041001,177.024906,177.012574,177.002617,176.993835,176.985191,176.975761,176.964652,176.951337,176.935191,176.915716,176.892660,176.865673,176.834599,176.801395,176.770352,176.743740,176.721731,176.704391,176.691299,176.681101,176.672150,176.663275,176.654018,176.643562,176.629541,176.608933,176.580317,176.545999,176.511477,176.481724,176.458824,176.442776,176.431917,176.423830,176.416892,176.410638,176.404980,176.399761,176.395106,176.392404,176.395979,176.412986,176.440906,176.462375,176.466812,176.457568,176.468006,176.531079,176.609341,176.652590,176.662687,176.661890,176.661418,176.665393,176.672816,176.678358,176.680146,176.680468,176.680570,176.679739,176.677340,176.673654,176.669803,176.666900,176.664860,176.663061,176.661821,176.661514,176.661373,176.660391,176.658449,176.655995,176.652790,176.648412,176.643142,176.637633,176.633081,176.630534,176.630043,176.631264,176.635426,176.644718,176.658786,176.678953,176.709659,176.744125,176.759532,176.740261,nan,nan,nan,nan,nan,nan,nan,nan,nan,nan,nan,nan,nan,nan,nan,nan,nan,nan
nan,nan,nan,nan,nan,nan,nan,nan,nan,nan,nan,nan,176.181295,176.175439,176.164354,176.150893,176.138495,176.126736,176.115089,176.105997,176.100853,176.099065,176.098999,176.099271,176.099618,176.099836,176.100253,176.101585,176.102888,176.101322,176.095362,176.087571,176.082567,176.081445,176.081596,176.081259,176.081306,176.084719,176.094301,176.108443,176.119949,176.124995,176.130684,176.148634,176.179297,176.204271,176.215470,176.225206,176.232696,176.227649,176.209919,176.193933,176.221418,176.335169,176.531595,176.797067,177.110257,177.380805,177.527815,177.563126,177.539725,177.498958,177.464343,177.445116,177.436684,177.429052,177.419879,177.412921,177.402064,177.374027,177.324730,177.270674,177.236835,177.227825,177.232342,177.241055,177.250858,177.259964,177.264839,177.265279,177.263313,177.257993,177.245892,177.224986,177.196315,177.161686,177.123261,177.084464,177.051134,177.028487,177.015336,177.006672,176.999141,176.992118,176.985186,176.977167,176.967825,176.957455,176.945876,176.932044,176.914114,176.890232,176.860002,176.825457,176.789628,176.756414,176.729731,176.711069,176.698568,176.688946,176.680396,176.672871,176.666181,176.658893,176.648989,176.634627,176.614213,176.586739,176.553475,176.518866,176.488671,176.465775,176.448642,176.434801,176.423618,176.415195,176.409048,176.404349,176.400891,176.399736,176.402243,176.406564,176.408266,176.405495,176.399441,176.406618,176.454609,176.528454,176.579597,176.597840,176.603281,176.610879,176.630700,176.658373,176.676956,176.682763,176.683652,176.683821,176.683008,176.680665,176.676998,176.672734,176.668929,176.665820,176.663020,176.660817,176.659600,176.658818,176.656990,176.653201,176.648044,176.641823,176.634059,176.624323,176.613310,176.604472,176.600943,176.602652,176.608420,176.621172,176.648593,176.690128,176.736968,176.783962,176.826095,176.852276,176.854758,nan,nan,nan,nan,nan,nan,nan,nan,nan,nan,nan,nan,nan,nan,nan,nan,nan,nan
nan,nan,nan,nan,nan,nan,nan,nan,nan,nan,nan,nan,176.138301,176.133529,176.124575,176.113132,176.102210,176.092325,176.082508,176.073490,176.066731,176.062468,176.058718,176.054414,176.050284,176.045605,176.040168,176.035379,176.030983,176.024101,176.013388,176.002392,175.996631,175.997959,176.002166,176.003748,176.002729,176.004200,176.011220,176.019987,176.024000,176.022823,176.025674,176.048985,176.096509,176.137467,176.149492,176.150195,176.151884,176.148313,176.136891,176.122773,176.120989,176.154271,176.248330,176.441959,176.751530,177.103296,177.381519,177.522178,177.539729,177.498104,177.455742,177.432371,177.421261,177.409486,177.394961,177.386004,177.377330,177.353871,177.313253,177.271425,177.245386,177.237318,177.242133,177.253523,177.265572,177.273456,177.275221,177.275389,177.278487,177.283595,177.285658,177.278721,177.260402,177.228670,177.181849,177.122190,177.062577,177.023348,177.007976,177.002570,176.997861,176.994167,176.991247,176.986253,176.979012,176.971448,176.964167,176.956000,176.945204,176.930566,176.911078,176.885326,176.852318,176.814187,176.777077,176.747737,176.727351,176.712026,176.699235,176.689122,176.681630,176.675292,176.668513,176.660428,176.650092,176.635580,176.614972,176.588057,176.557561,176.527469,176.499140,176.472722,176.450400,176.434317,176.423804,176.416525,176.411104,176.407490,176.405370,176.403461,176.400939,176.397852,176.394461,176.395742,176.412077,176.441048,176.464082,176.475177,176.482874,176.501579,176.550026,176.615828,176.659190,176.673169,176.675793,176.676678,176.677280,176.678263,176.679240,176.677965,176.674101,176.669223,176.664620,176.660898,176.658210,176.656138,176.652603,176.646160,176.638191,176.629841,176.620076,176.606489,176.589194,176.574978,176.570320,176.574748,176.585434,176.605505,176.645077,176.699265,176.748651,176.787705,176.821452,176.849270,176.866390,nan,nan,nan,nan,nan,nan,nan,nan,nan,nan,nan,nan,nan,nan,nan,nan,nan,nan
nan,nan,nan,nan,nan,nan,nan,nan,nan,nan,nan,nan,176.103527,176.099032,176.090555,176.079005,176.067134,176.056725,176.046796,176.035755,176.025205,176.016541,176.007103,175.996191,175.986166,175.977010,175.968953,175.963087,175.958343,175.952275,175.944092,175.935680,175.930203,175.930122,175.933288,175.934229,175.932455,175.932808,175.936592,175.938462,175.933502,175.924498,175.920316,175.934215,175.971873,176.009301,176.022985,176.025470,176.036056,176.055450,176.072379,176.080655,176.085551,176.094396,176.120307,176.204105,176.405825,176.735900,177.108243,177.388334,177.499708,177.483878,177.436510,177.406877,177.392626,177.375703,177.352318,177.339089,177.336591,177.326566,177.303368,177.279358,177.265269,177.260860,177.263880,177.270127,177.268662,177.252281,177.231494,177.224071,177.235315,177.263333,177.301350,177.329503,177.332867,177.309352,177.254143,177.160426,177.050202,176.975404,176.954136,176.958403,176.967143,176.978713,176.987863,176.988503,176.983275,176.977763,176.974235,176.971416,176.966293,176.958017,176.947101,176.932527,176.912172,176.884211,176.849000,176.811792,176.778471,176.750260,176.727073,176.709878,176.698178,176.689462,176.681752,176.674565,176.667555,176.659470,176.648873,176.634884,176.617291,176.596074,176.570054,176.537931,176.503012,176.473041,176.451765,176.437021,176.426544,176.419479,176.414559,176.410249,176.406287,176.402953,176.399988,176.398034,176.398991,176.402192,176.403760,176.402452,176.401098,176.411421,176.455847,176.528491,176.583793,176.606342,176.614051,176.618844,176.625581,176.639485,176.659736,176.674654,176.676843,176.670219,176.662786,176.657371,176.652598,176.647792,176.641323,176.632456,176.623677,176.616294,176.608230,176.595185,176.576904,176.562231,176.558319,176.563358,176.573991,176.593169,176.629217,176.674040,176.709272,176.733852,176.755873,176.777419,176.794088,nan,nan,nan,nan,nan,nan,nan,nan,nan,nan,nan,nan,nan,nan,nan,nan,nan,nan
nan,nan,nan,nan,nan,nan,nan,nan,nan,nan,nan,nan,176.064139,176.058181,176.045861,176.026813,176.005909,175.989661,175.977481,175.964503,175.952487,175.943543,175.933982,175.922812,175.913297,175.906379,175.902191,175.900831,175.900607,175.899246,175.896057,175.892024,175.888680,175.887843,175.889346,175.889966,175.888439,175.887795,175.889229,175.889406,175.885454,175.879407,175.875770,175.879454,175.894116,175.913749,175.928307,175.938374,175.954922,175.985025,176.020126,176.049358,176.070570,176.083500,176.091558,176.111488,176.195597,176.428694,176.816900,177.209494,177.429229,177.461915,177.418844,177.379028,177.354895,177.330989,177.302036,177.287096,177.292086,177.299336,177.298002,177.293536,177.291593,177.290816,177.287716,177.272184,177.221628,177.131367,177.047019,177.016516,177.044895,177.127417,177.246548,177.344317,177.380190,177.355229,177.266866,177.109705,176.928354,176.807654,176.778501,176.803282,176.849852,176.901568,176.934137,176.939895,176.934185,176.933315,176.945522,176.966348,176.979182,176.978713,176.971847,176.962798,176.951584,176.936236,176.913945,176.884000,176.848389,176.810297,176.774220,176.745134,176.724162,176.708503,176.695996,176.686338,176.679130,176.673005,176.666587,176.659173,176.650311,176.639218,176.624105,176.601610,176.569760,176.533218,176.499942,176.473281,176.453372,176.439556,176.429851,176.422034,176.415614,176.410712,176.406658,176.402862,176.399266,176.395897,176.392517,176.388833,176.385400,176.387049,176.404242,176.436944,176.465585,176.480402,176.487852,176.493901,176.504566,176.530462,176.574556,176.619105,176.641984,176.639589,176.633816,176.634247,176.631672,176.623631,176.613529,176.604401,176.598845,176.596498,176.593820,176.585979,176.573495,176.564671,176.563943,176.568546,176.575944,176.588630,176.612157,176.640533,176.661684,176.674918,176.685081,176.694367,176.701966,nan,nan,nan,nan,nan,nan,nan,nan,nan,nan,nan,nan,nan,nan,nan,nan,nan,nan
nan,nan,nan,nan,nan,nan,nan,nan,nan,nan,nan,nan,176.018053,176.009259,175.989859,175.958409,175.924248,175.900638,175.887732,175.878043,175.871144,175.867769,175.864809,175.860792,175.857583,175.855942,175.855952,175.858133,175.861430,175.863049,175.862161,175.860594,175.859342,175.858968,175.860555,175.862465,175.861803,175.860720,175.861510,175.862550,175.862343,175.861678,175.862100,175.864194,175.869668,175.880468,175.894742,175.909072,175.926157,175.952830,175.989505,176.029140,176.062380,176.083257,176.093252,176.098590,176.125944,176.260814,176.583255,177.003095,177.307539,177.411836,177.393492,177.343918,177.303860,177.275339,177.252561,177.245316,177.257890,177.277856,177.294888,177.308672,177.317899,177.317855,177.298892,177.234823,177.090183,176.882278,176.706922,176.639550,176.687824,176.855018,177.100474,177.298718,177.370964,177.319855,177.158091,176.919306,176.688878,176.550097,176.515794,176.550448,176.627582,176.712369,176.756709,176.754241,176.737578,176.740505,176.790823,176.884217,176.961535,176.989655,176.989417,176.981673,176.972989,176.963289,176.950245,176.932064,176.907433,176.875605,176.838830,176.802796,176.771094,176.743136,176.719221,176.701574,176.690474,176.683533,176.678166,176.673018,176.667543,176.661174,176.652635,176.639481,176.618920,176.590622,176.558341,176.526607,176.498553,176.475918,176.458206,176.443722,176.432053,176.423213,176.416272,176.410282,176.404806,176.399876,176.395549,176.391702,176.388451,176.386980,176.389548,176.395762,176.401038,176.403250,176.403866,176.404740,176.409409,176.425076,176.456792,176.499627,176.533618,176.540995,176.548920,176.571305,176.582574,176.575902,176.564484,176.557882,176.558585,176.565021,176.571836,176.573634,176.571597,176.571587,176.575480,176.581111,176.586847,176.594439,176.607471,176.623302,176.635494,176.643030,176.647394,176.649455,176.650568,nan,nan,nan,nan,nan,nan,nan,nan,nan,nan,nan,nan,nan,nan,nan,nan,nan,nan
nan,nan,nan,nan,nan,nan,nan,nan,nan,nan,nan,nan,175.978330,175.967393,175.943218,175.904740,175.864840,175.840064,175.830102,175.824983,175.821405,175.820063,175.819851,175.819433,175.819248,175.819105,175.818836,175.819959,175.822426,175.822525,175.819807,175.818624,175.818936,175.819036,175.821577,175.825641,175.825655,175.824603,175.826580,175.830589,175.836592,175.843395,175.848901,175.852408,175.856109,175.863656,175.875670,175.890097,175.907094,175.931727,175.968767,176.013253,176.053944,176.083296,176.100534,176.108815,176.120866,176.185402,176.383332,176.721915,177.060053,177.248243,177.285231,177.257689,177.226798,177.208087,177.200009,177.206665,177.229340,177.258974,177.289834,177.320131,177.340037,177.336840,177.287725,177.144952,176.883655,176.583914,176.371652,176.292517,176.344334,176.562381,176.910189,177.198247,177.291618,177.189922,176.951167,176.678890,176.475682,176.373068,176.344185,176.358799,176.406207,176.461407,176.482389,176.464160,176.437898,176.440394,176.516480,176.679972,176.849401,176.945701,176.980032,176.985524,176.981399,176.975160,176.967008,176.956208,176.941840,176.922554,176.898220,176.870979,176.841449,176.806927,176.768368,176.734272,176.711232,176.697838,176.689949,176.684558,176.680072,176.675529,176.669561,176.660528,176.646968,176.628270,176.605824,176.581663,176.557048,176.532969,176.509643,176.487024,176.466311,176.448861,176.434860,176.423832,176.415176,176.408325,176.402607,176.397748,176.394053,176.391821,176.390884,176.390521,176.389924,176.388941,176.387974,176.387619,176.388339,176.390915,176.398061,176.414070,176.432506,176.440032,176.454659,176.486777,176.509145,176.509658,176.502680,176.500148,176.505429,176.519969,176.538649,176.553483,176.564903,176.576108,176.586632,176.595070,176.600897,176.605914,176.612936,176.621587,176.629105,176.634455,176.637456,176.638337,176.638493,nan,nan,nan,nan,nan,nan,nan,nan,nan,nan,nan,nan,nan,nan,nan,nan,nan,nan
nan,nan,nan,nan,nan,nan,nan,nan,nan,nan,nan,nan,175.934401,175.924879,175.903211,175.867293,175.828814,175.806436,175.800312,175.797404,175.793063,175.789186,175.785799,175.781885,175.777968,175.772916,175.765526,175.758640,175.754026,175.747452,175.739432,175.737186,175.737851,175.735667,175.734815,175.736551,175.734936,175.733478,175.738469,175.753106,175.779529,175.808217,175.827531,175.836408,175.841013,175.846763,175.854815,175.865290,175.879684,175.904086,175.944455,175.994678,176.043979,176.083113,176.106981,176.117597,176.123774,176.146395,176.229424,176.421125,176.691902,176.914880,177.034324,177.096700,177.124330,177.119157,177.107181,177.123950,177.173033,177.227761,177.277397,177.321938,177.347839,177.333966,177.240817,177.008967,176.659147,176.346102,176.177357,176.128360,176.175847,176.373227,176.721561,177.032883,177.119360,176.971452,176.712438,176.491441,176.369403,176.319497,176.300710,176.292289,176.290773,176.291076,176.280116,176.256452,176.234126,176.234767,176.295036,176.439763,176.621259,176.771177,176.873709,176.931567,176.959014,176.969953,176.970871,176.966802,176.959591,176.949775,176.938082,176.925641,176.911245,176.888981,176.853067,176.807623,176.765031,176.733420,176.713871,176.703058,176.696751,176.691744,176.685695,176.677383,176.666283,176.652563,176.637689,176.622863,176.607851,176.591821,176.573419,176.551388,176.525951,176.499006,176.473457,176.451921,176.435667,176.423820,176.414372,176.406664,176.401269,176.398260,176.396710,176.395596,176.394636,176.393999,176.393987,176.394580,176.394495,176.392205,176.389139,176.389630,176.393055,176.394591,176.402609,176.423063,176.441960,176.448208,176.447580,176.447717,176.452773,176.467911,176.491713,176.515686,176.540573,176.568022,176.590930,176.605062,176.611870,176.615330,176.618767,176.623581,176.629320,176.634544,176.637994,176.640079,176.642008,nan,nan,nan,nan,nan,nan,nan,nan,nan,nan,nan,nan,nan,nan,nan,nan,nan,nan
nan,nan,nan,nan,nan,nan,nan,nan,nan,nan,nan,nan,175.833929,175.829623,175.817690,175.795423,175.770677,175.760969,175.765579,175.767225,175.761160,175.752071,175.741976,175.730383,175.718331,175.705324,175.690512,175.677701,175.668896,175.659326,175.648572,175.642402,175.637794,175.629823,175.622800,175.618677,175.613860,175.610531,175.614256,175.633448,175.679860,175.743573,175.793247,175.817025,175.825792,175.830658,175.834812,175.839541,175.848912,175.874346,175.925009,175.988467,176.046939,176.089789,176.113334,176.121838,176.123720,176.128521,176.152191,176.224822,176.363985,176.536635,176.719553,176.898032,176.993174,176.968444,176.904856,176.916563,177.019847,177.138227,177.231518,177.296712,177.321687,177.280078,177.125819,176.825402,176.461164,176.202797,176.097775,176.081764,176.132002,176.291129,176.564115,176.813273,176.868315,176.719980,176.519946,176.394247,176.343273,176.323458,176.307617,176.286024,176.260430,176.236203,176.213965,176.193203,176.175975,176.169959,176.194298,176.268770,176.382663,176.512268,176.643579,176.758867,176.852251,176.913528,176.945204,176.961482,176.967179,176.966041,176.963070,176.960842,176.958925,176.953483,176.937663,176.906152,176.861075,176.813000,176.774318,176.749419,176.734994,176.724814,176.714474,176.702676,176.689122,176.674777,176.661797,176.650999,176.641487,176.631866,176.620688,176.606537,176.588028,176.564110,176.535272,176.504602,176.477185,176.455171,176.437025,176.422478,176.412596,176.407050,176.404201,176.402634,176.401859,176.401875,176.402872,176.404459,176.404842,176.402804,176.399407,176.396063,176.392137,176.386826,176.385544,176.393235,176.404238,176.410646,176.412466,176.412890,176.414945,176.422843,176.437584,176.455806,176.483492,176.527064,176.570923,176.597183,176.606745,176.610033,176.612921,176.618546,176.627741,176.636753,176.642908,176.647544,176.652023,nan,nan,nan,nan,nan,nan,nan,nan,nan,nan,nan,nan,nan,nan,nan,nan,nan,nan
nan,nan,nan,nan,nan,nan,nan,nan,nan,nan,nan,nan,175.682325,175.682325,175.679152,175.671731,175.666117,175.674925,175.694789,175.704969,175.699778,175.687683,175.674628,175.661223,175.648776,175.638182,175.629170,175.623292,175.619530,175.612894,175.602358,175.591307,175.579727,175.567984,175.559361,175.553804,175.549061,175.545850,175.546245,175.555486,175.590464,175.666867,175.751588,175.798960,175.814496,175.818701,175.819635,175.819857,175.827451,175.862319,175.935383,176.015874,176.072136,176.103881,176.118915,176.123767,176.123820,176.123512,176.128557,176.150530,176.202673,176.298546,176.469516,176.688226,176.801187,176.730123,176.602672,176.593982,176.732767,176.919855,177.081742,177.184520,177.207150,177.121812,176.902241,176.585320,176.292449,176.125600,176.070797,176.077244,176.143435,176.288499,176.482253,176.630489,176.644727,176.541632,176.435425,176.385313,176.366303,176.351550,176.328399,176.292538,176.253639,176.224066,176.203705,176.188443,176.175839,176.167156,176.169183,176.191345,176.237238,176.307351,176.399685,176.511895,176.639632,176.753813,176.846293,176.920905,176.964317,176.980073,176.984978,176.987325,176.989367,176.990839,176.987583,176.973747,176.946753,176.909745,176.870540,176.837462,176.814062,176.795965,176.777675,176.756681,176.732447,176.708493,176.689460,176.675863,176.665775,176.656995,176.648129,176.638664,176.627905,176.614262,176.595596,176.570933,176.542381,176.512642,176.482672,176.455165,176.434566,176.422041,176.415377,176.412136,176.410874,176.410946,176.412337,176.414549,176.415829,176.415639,176.414602,176.411701,176.405613,176.396824,176.389378,176.388066,176.391294,176.393879,176.394390,176.393815,176.393176,176.393511,176.394967,176.397974,176.411354,176.448386,176.499632,176.536146,176.550608,176.558057,176.567146,176.584053,176.610482,176.634375,176.648659,176.657693,176.664868,176.669977,nan,nan,nan,nan,nan,nan,nan,nan,nan,nan,nan,nan,nan,nan,nan,nan,nan
nan,nan,nan,nan,nan,nan,nan,nan,nan,nan,nan,nan,175.572676,175.573456,175.573309,175.572078,175.572937,175.581851,175.597498,175.607396,175.606428,175.601149,175.596234,175.591952,175.589615,175.590224,175.593025,175.597807,175.601977,175.599913,175.590351,175.576690,175.561618,175.548636,175.540002,175.534366,175.530218,175.527760,175.527077,175.530281,175.551504,175.621632,175.725205,175.789675,175.809554,175.812819,175.812328,175.814229,175.831736,175.887330,175.979903,176.060641,176.100489,176.115315,176.121191,176.123983,176.124687,176.123987,176.125758,176.136625,176.160520,176.204774,176.304261,176.458250,176.536276,176.450566,176.320328,176.298067,176.404338,176.580499,176.765075,176.890857,176.915754,176.812439,176.590221,176.341488,176.167179,176.086764,176.065534,176.088456,176.173243,176.313509,176.447781,176.520770,176.519185,176.476809,176.445646,176.432952,176.421072,176.401372,176.365003,176.307069,176.248058,176.211820,176.195172,176.186518,176.180676,176.176994,176.176709,176.181645,176.193830,176.215982,176.253122,176.316389,176.410332,176.528378,176.682981,176.851375,176.963403,177.008785,177.021905,177.021860,177.017957,177.015510,177.012272,177.003336,176.987845,176.967616,176.944267,176.920983,176.901305,176.884060,176.865179,176.840095,176.805854,176.767531,176.734602,176.710452,176.693528,176.680518,176.669278,176.659775,176.651957,176.644524,176.635199,176.622057,176.604334,176.581271,176.551102,176.514198,176.477996,176.451381,176.435825,176.427938,176.424332,176.423124,176.423754,176.425442,176.426597,176.427177,176.427407,176.425334,176.419632,176.410873,176.401060,176.393841,176.390395,176.388368,176.386421,176.384378,176.382054,176.378849,176.373931,176.367984,176.366740,176.379843,176.406093,176.428433,176.438062,176.444004,176.457561,176.493502,176.552834,176.607068,176.637764,176.653922,176.665020,176.671396,nan,nan,nan,nan,nan,nan,nan,nan,nan,nan,nan,nan,nan,nan,nan,nan,nan
nan,nan,nan,nan,nan,nan,nan,nan,nan,nan,nan,nan,175.528317,175.528791,175.528600,175.527790,175.527572,175.529589,175.533694,175.536481,175.536834,175.537306,175.538727,175.540903,175.545639,175.554732,175.568010,175.585929,175.604294,175.611402,175.603662,175.587611,175.568989,175.552225,175.539697,175.531073,175.525750,175.523558,175.523634,175.528409,175.553399,175.628301,175.731901,175.792635,175.810460,175.813873,175.818201,175.835400,175.877318,175.950525,176.034701,176.091512,176.113814,176.119366,176.120898,176.122780,176.124180,176.123967,176.125683,176.134914,176.151070,176.168819,176.201147,176.259571,176.287959,176.234426,176.158777,176.137336,176.180552,176.273401,176.387952,176.474813,176.497349,176.432601,176.298848,176.171823,176.100698,176.074848,176.075672,176.110126,176.195748,176.310916,176.399825,176.442418,176.453472,176.456451,176.464517,176.470545,176.467694,176.452713,176.411565,176.331888,176.244616,176.195446,176.183196,176.183900,176.187154,176.192651,176.200314,176.207889,176.212893,176.214198,176.216590,176.232007,176.275069,176.378080,176.583360,176.836195,177.007596,177.074987,177.088594,177.077568,177.058380,177.042863,177.030923,177.017655,177.003180,176.989450,176.976355,176.963598,176.951361,176.939231,176.925778,176.907236,176.878864,176.841130,176.801276,176.766432,176.739495,176.717836,176.698909,176.683839,176.673465,176.666386,176.660118,176.652733,176.643098,176.629894,176.610385,176.580628,176.541354,176.502913,176.475002,176.458224,176.448865,176.444000,176.441889,176.440703,176.439164,176.438080,176.437410,176.434734,176.429040,176.421096,176.411729,176.402789,176.395828,176.390548,176.386389,176.382875,176.379600,176.375588,176.369565,176.361770,176.354994,176.353195,176.356180,176.358680,176.356849,176.352064,176.354254,176.385204,176.450610,176.518948,176.561139,176.583732,176.598864,176.603243,nan,nan,nan,nan,nan,nan,nan,nan,nan,nan,nan,nan,nan,nan,nan,nan,nan
nan,nan,nan,nan,nan,nan,nan,nan,nan,nan,nan,nan,175.501244,175.502199,175.502141,175.501220,175.500479,175.500661,175.501458,175.501814,175.502053,175.503214,175.504679,175.506074,175.511253,175.526891,175.555799,175.597077,175.640212,175.663032,175.660034,175.643413,175.620693,175.594036,175.568489,175.550632,175.541879,175.539912,175.543131,175.558536,175.604883,175.688010,175.765478,175.802840,175.814183,175.820739,175.839346,175.885418,175.953574,176.023321,176.076711,176.105375,176.115782,176.118317,176.118262,176.118281,176.118552,176.118133,176.119664,176.127371,176.139524,176.148038,176.153622,176.164449,176.169525,176.151334,176.119955,176.097092,176.095307,176.116963,176.151232,176.179486,176.188168,176.167488,176.125556,176.090840,176.077154,176.079942,176.098287,176.139857,176.207069,176.278793,176.332176,176.370241,176.401317,176.430063,176.456510,176.473764,176.479903,176.474959,176.441657,176.356018,176.248569,176.187915,176.183839,176.197582,176.210175,176.224269,176.240266,176.253035,176.258290,176.254014,176.242459,176.233552,176.257285,176.381145,176.640918,176.928309,177.102966,177.162126,177.166207,177.145957,177.114984,177.084512,177.057679,177.033346,177.013744,176.999842,176.989970,176.981882,176.973406,176.963859,176.953461,176.940681,176.922550,176.897494,176.867078,176.835710,176.807324,176.779827,176.750528,176.723076,176.702332,176.688857,176.679918,176.672813,176.665676,176.656993,176.644891,176.626260,176.598594,176.565295,176.534537,176.511128,176.494972,176.484659,176.477562,176.470204,176.461702,176.454549,176.449484,176.443809,176.436816,176.429632,176.422173,176.414461,176.407216,176.400863,176.395571,176.391285,176.387630,176.383286,176.376760,176.368501,176.360325,176.353651,176.348266,176.342805,176.336299,176.328890,176.324767,176.334582,176.364814,176.402868,176.430395,176.448332,176.460833,176.459554,nan,nan,nan,nan,nan,nan,nan,nan,nan,nan,nan,nan,nan,nan,nan,nan,nan
nan,nan,nan,nan,nan,nan,nan,nan,nan,nan,nan,nan,175.457567,175.459824,175.461693,175.462992,175.464330,175.466665,175.469499,175.471320,175.472524,175.474188,175.474423,175.472999,175.482681,175.523096,175.591075,175.660584,175.714631,175.742177,175.744383,175.734651,175.718224,175.692062,175.660684,175.637688,175.627925,175.627224,175.634024,175.658128,175.707990,175.763157,175.797208,175.810815,175.816512,175.827273,175.862619,175.936008,176.017395,176.072420,176.099870,176.110778,176.113921,176.113200,176.108413,176.101741,176.097721,176.097149,176.099825,176.107902,176.121070,176.132304,176.138399,176.144659,176.151591,176.149876,176.132426,176.104884,176.082344,176.071622,176.068140,176.066633,176.064471,176.059376,176.054652,176.057345,176.068766,176.088312,176.119168,176.161714,176.207561,176.244683,176.274266,176.308563,176.349175,176.390793,176.428844,176.454628,176.465559,176.466573,176.445813,176.376059,176.276626,176.220105,176.229321,176.255469,176.269611,176.280826,176.293656,176.302502,176.304041,176.297130,176.281327,176.266324,176.302094,176.481102,176.789628,177.057885,177.188553,177.223270,177.220873,177.203929,177.177565,177.144361,177.107258,177.071968,177.043061,177.020627,177.005274,176.995334,176.986790,176.977703,176.967891,176.956979,176.944310,176.929238,176.911467,176.892328,176.873251,176.851062,176.820742,176.783269,176.747116,176.720109,176.702626,176.691281,176.682837,176.674933,176.665783,176.653519,176.636516,176.615687,176.594732,176.576493,176.561697,176.550712,176.541335,176.528497,176.509779,176.489302,176.472535,176.459625,176.449861,176.443078,176.437469,176.431597,176.425972,176.421393,176.417797,176.414442,176.410395,176.404358,176.395495,176.385479,176.376075,176.367542,176.359500,176.350533,176.339814,176.328842,176.321028,176.319872,176.326217,176.336239,176.344326,176.350945,176.356642,176.355883,176.347876,nan,nan,nan,nan,nan,nan,nan,nan,nan,nan,nan,nan,nan,nan,nan,nan
nan,nan,nan,nan,nan,nan,nan,nan,nan,nan,nan,nan,175.408629,175.411157,175.414263,175.416842,175.418790,175.422284,175.427199,175.430406,175.431588,175.432636,175.430709,175.430216,175.462699,175.552433,175.664194,175.742239,175.781406,175.797096,175.798948,175.795466,175.789359,175.778123,175.762848,175.751064,175.746520,175.747511,175.752854,175.765963,175.786749,175.803713,175.810624,175.812377,175.814621,175.825583,175.866580,175.950983,176.038599,176.089599,176.108547,176.112582,176.110641,176.102904,176.085861,176.064122,176.051031,176.051414,176.060213,176.074642,176.095660,176.116434,176.129812,176.139624,176.149785,176.153167,176.140347,176.113540,176.085822,176.062973,176.043508,176.029103,176.021347,176.018019,176.020757,176.034644,176.059302,176.090032,176.125630,176.162247,176.191686,176.211897,176.230479,176.257596,176.294921,176.337723,176.380389,176.412043,176.427710,176.434966,176.429841,176.391661,176.327356,176.291303,176.309244,176.336287,176.341295,176.338613,176.338748,176.338441,176.335111,176.326824,176.310377,176.296096,176.349972,176.574517,176.903714,177.136415,177.226216,177.246108,177.246352,177.240620,177.229968,177.211782,177.185735,177.156092,177.120893,177.080018,177.044885,177.020400,177.004137,176.992506,176.981401,176.969570,176.958155,176.947739,176.937642,176.927723,176.917862,176.905196,176.884559,176.852069,176.811029,176.771929,176.741656,176.720205,176.705186,176.694016,176.684240,176.673989,176.662468,176.650584,176.640115,176.631598,176.624829,176.620346,176.616538,176.607947,176.587966,176.555597,176.520622,176.493467,176.476927,176.468287,176.463398,176.459619,176.457091,176.456811,176.457728,176.456532,176.451213,176.441437,176.428041,176.414767,176.404023,176.394797,176.385322,176.372701,176.354596,176.333406,176.317150,176.310534,176.310175,176.311050,176.311248,176.313091,176.317060,176.318854,176.317176,nan,nan,nan,nan,nan,nan,nan,nan,nan,nan,nan,nan,nan,nan,nan,nan
nan,nan,nan,nan,nan,nan,nan,nan,nan,nan,nan,nan,175.376960,175.378678,175.381285,175.383339,175.384677,175.388098,175.393537,175.396154,175.394143,175.390441,175.383552,175.386345,175.442949,175.567937,175.704207,175.784783,175.811761,175.817608,175.817867,175.816487,175.814971,175.813088,175.809801,175.806242,175.804685,175.805782,175.808111,175.810490,175.812689,175.813089,175.811095,175.809055,175.808869,175.814907,175.843897,175.914518,176.006918,176.074946,176.105198,176.111623,176.105360,176.086871,176.053482,176.015723,175.993462,175.994305,176.012150,176.038816,176.071464,176.102240,176.121293,176.131140,176.139099,176.142861,176.134245,176.112823,176.087094,176.058918,176.028293,176.003978,175.991965,175.988729,175.994214,176.014046,176.047957,176.084953,176.117163,176.142640,176.160475,176.174271,176.189071,176.209367,176.237203,176.270733,176.306767,176.338937,176.363113,176.382130,176.393554,176.386318,176.361571,176.347842,176.361757,176.376226,176.372727,176.363784,176.357778,176.353289,176.348935,176.342446,176.329173,176.318241,176.381445,176.621775,176.948188,177.158846,177.232092,177.249475,177.256112,177.260713,177.263589,177.265309,177.267006,177.264329,177.240303,177.190715,177.133194,177.081173,177.045361,177.024678,177.007071,176.988825,176.973900,176.963923,176.956870,176.950965,176.945409,176.938441,176.926775,176.906832,176.877967,176.844510,176.810978,176.778993,176.750369,176.727252,176.709548,176.695799,176.684976,176.677019,176.671904,176.668793,176.667414,176.668314,176.670358,176.670163,176.661833,176.637900,176.599340,176.560440,176.532974,176.517275,176.510108,176.507872,176.508129,176.510495,176.513255,176.512142,176.504870,176.491630,176.473949,176.456785,176.444247,176.435178,176.425841,176.411313,176.385998,176.348625,176.315590,176.300659,176.297667,176.296711,176.295723,176.298677,176.304160,176.306109,176.303772,nan,nan,nan,nan,nan,nan,nan,nan,nan,nan,nan,nan,nan,nan,nan,nan
nan,nan,nan,nan,nan,nan,nan,nan,nan,nan,nan,nan,175.361116,175.362139,175.364869,175.368551,175.372510,175.378314,175.386122,175.391351,175.390413,175.384650,175.372466,175.368346,175.419560,175.546345,175.690041,175.771237,175.792040,175.795599,175.798789,175.801875,175.807767,175.816695,175.821678,175.820369,175.818768,175.820126,175.821638,175.820161,175.816363,175.812035,175.807859,175.804881,175.803297,175.803700,175.813182,175.848870,175.925538,176.018353,176.081618,176.104258,176.097439,176.069273,176.024530,175.979867,175.954034,175.952950,175.974416,176.011702,176.055682,176.093270,176.114180,176.121763,176.125127,176.126536,176.121138,176.106594,176.085025,176.053078,176.010973,175.975355,175.959147,175.957782,175.968645,175.996380,176.038474,176.077903,176.102763,176.116705,176.126489,176.136535,176.148195,176.162361,176.180232,176.200996,176.224491,176.252083,176.283668,176.315315,176.340443,176.353900,176.356647,176.359195,176.367621,176.372479,176.369044,176.363439,176.358414,176.354113,176.351133,176.348429,176.341609,176.336057,176.399258,176.634295,176.952935,177.157257,177.228010,177.249097,177.265703,177.280085,177.288014,177.297528,177.317195,177.339621,177.342173,177.313139,177.258077,177.190820,177.137619,177.102683,177.069008,177.033601,177.006129,176.990098,176.981117,176.974308,176.967751,176.961016,176.952674,176.941006,176.925827,176.908429,176.888245,176.861822,176.827543,176.789571,176.754868,176.728333,176.710848,176.700594,176.695214,176.692909,176.693158,176.695884,176.700185,176.704551,176.705736,176.697671,176.676739,176.647806,176.619601,176.597414,176.584277,176.578836,176.576599,176.574990,176.572735,176.567976,176.559009,176.544980,176.526198,176.506567,176.491678,176.482348,176.475299,176.465458,176.441184,176.385837,176.323118,176.290909,176.283444,176.281821,176.281627,176.287720,176.295566,176.296403,176.291669,176.286545,nan,nan,nan,nan,nan,nan,nan,nan,nan,nan,nan,nan,nan,nan,nan
nan,nan,nan,nan,nan,nan,nan,nan,nan,nan,nan,nan,175.347310,175.349196,175.355818,175.366671,175.378297,175.389650,175.402018,175.413345,175.419463,175.418264,175.406195,175.393241,175.421182,175.519818,175.636407,175.691355,175.695742,175.697414,175.707668,175.722168,175.747938,175.783452,175.805021,175.804507,175.802685,175.810341,175.818829,175.820633,175.816631,175.810800,175.805687,175.802479,175.800529,175.798327,175.796530,175.803222,175.842154,175.931898,176.032352,176.085853,176.086636,176.056042,176.008818,175.963156,175.936202,175.932371,175.951062,175.990110,176.039981,176.081576,176.103183,176.109988,176.111293,176.111275,176.108542,176.100639,176.083702,176.047756,175.991345,175.940890,175.919766,175.922428,175.943461,175.984222,176.034608,176.073060,176.090929,176.097385,176.101771,176.107525,176.114728,176.123412,176.134129,176.146734,176.162485,176.185104,176.216735,176.253315,176.286685,176.311607,176.328286,176.340390,176.349242,176.353421,176.354166,176.353541,176.351503,176.349022,176.347748,176.348246,176.347682,176.349197,176.409820,176.627203,176.936642,177.145394,177.222090,177.255426,177.293701,177.323652,177.328535,177.328660,177.344995,177.371429,177.390547,177.389258,177.360544,177.310613,177.261656,177.218326,177.169698,177.117398,177.073422,177.043340,177.024516,177.010619,176.997530,176.985520,176.974721,176.964379,176.954672,176.946169,176.937193,176.923601,176.901010,176.867324,176.825408,176.783490,176.750258,176.729016,176.717586,176.712528,176.711805,176.714240,176.718954,176.724896,176.729477,176.729121,176.722430,176.710337,176.693927,176.675444,176.659670,176.649404,176.642130,176.634509,176.626029,176.617366,176.607577,176.594852,176.578248,176.559459,176.543555,176.533892,176.530695,176.531771,176.520183,176.456721,176.355794,176.291254,176.271960,176.267495,176.266958,176.274763,176.284900,176.285905,176.280720,176.277094,nan,nan,nan,nan,nan,nan,nan,nan,nan,nan,nan,nan,nan,nan,nan
nan,nan,nan,nan,nan,nan,nan,nan,nan,nan,nan,nan,175.328974,175.334984,175.350122,175.372502,175.394690,175.413215,175.430042,175.444915,175.454916,175.457087,175.448831,175.436689,175.446226,175.500120,175.562823,175.580180,175.567582,175.562578,175.571755,175.591426,175.633688,175.695937,175.734251,175.730741,175.729550,175.755521,175.788948,175.811078,175.816014,175.810757,175.804597,175.800919,175.798727,175.796229,175.792450,175.789369,175.803812,175.872109,175.984866,176.061686,176.071816,176.045888,176.005090,175.962952,175.935804,175.929973,175.943241,175.973442,176.016229,176.056738,176.081307,176.091775,176.095845,176.098170,176.099278,176.097559,176.086574,176.050056,175.980247,175.911133,175.880108,175.886378,175.925046,175.987348,176.044034,176.073705,176.082570,176.084121,176.085401,176.088167,176.092207,176.097750,176.105441,176.115534,176.128857,176.147905,176.175103,176.209661,176.246172,176.277435,176.300584,176.317215,176.328053,176.333720,176.336926,176.339392,176.340705,176.340933,176.341447,176.344306,176.348434,176.357419,176.419096,176.620631,176.923004,177.142816,177.231949,177.287132,177.358862,177.408814,177.404075,177.381888,177.379976,177.393662,177.407734,177.412483,177.401800,177.376073,177.342776,177.304377,177.258879,177.208950,177.161350,177.121053,177.090724,177.067226,177.045345,177.024624,177.006130,176.990332,176.977919,176.969209,176.962450,176.954660,176.942905,176.924041,176.895298,176.856361,176.813143,176.776734,176.752937,176.739886,176.734300,176.733900,176.737216,176.742444,176.746602,176.747452,176.745135,176.740207,176.732006,176.720408,176.707722,176.697315,176.688871,176.679702,176.669631,176.660262,176.651138,176.640876,176.629008,176.615594,176.602873,176.594898,176.595530,176.604910,176.606348,176.554440,176.432986,176.321409,176.269837,176.253024,176.249338,176.257400,176.270411,176.274992,176.272444,176.271009,176.271535,nan,nan,nan,nan,nan,nan,nan,nan,nan,nan,nan,nan,nan,nan
nan,nan,nan,nan,nan,nan,nan,nan,nan,nan,nan,nan,175.311894,175.325141,175.350738,175.383663,175.413880,175.437381,175.455734,175.469289,175.477745,175.479801,175.474337,175.465690,175.465467,175.484002,175.505978,175.506582,175.494008,175.487480,175.490952,175.503487,175.536305,175.589434,175.620644,175.608485,175.604762,175.646381,175.715463,175.780093,175.809394,175.809380,175.802916,175.798746,175.796380,175.794789,175.793508,175.792288,175.802168,175.857279,175.960512,176.038230,176.052932,176.036168,176.009868,175.980580,175.958791,175.951276,175.955296,175.966883,175.987754,176.018113,176.046661,176.064636,176.074451,176.082060,176.089152,176.093986,176.091512,176.063807,175.990590,175.900922,175.849452,175.853633,175.914078,176.004290,176.064925,176.079023,176.075839,176.072669,176.072337,176.074344,176.077796,176.082789,176.090023,176.099674,176.111987,176.128526,176.151286,176.181474,176.217556,176.252562,176.280164,176.299514,176.311563,176.317652,176.320782,176.324150,176.328404,176.331629,176.333964,176.338755,176.346330,176.361859,176.430449,176.636484,176.955063,177.199210,177.302621,177.369954,177.456248,177.512126,177.496291,177.451430,177.425969,177.420340,177.419579,177.414807,177.403018,177.384601,177.361132,177.333245,177.300767,177.264085,177.225705,177.189418,177.159160,177.134222,177.110302,177.085237,177.058587,177.032108,177.009703,176.993633,176.982462,176.973678,176.965443,176.955714,176.941609,176.919135,176.886373,176.848901,176.815472,176.790429,176.774344,176.766284,176.764202,176.765042,176.765476,176.763850,176.760500,176.755918,176.749885,176.742243,176.733574,176.725665,176.718865,176.711570,176.703660,176.696604,176.689852,176.682717,176.676301,176.670622,176.665285,176.661968,176.664260,176.673210,176.678366,176.645387,176.532046,176.377940,176.275006,176.234194,176.224935,176.233703,176.251177,176.262188,176.264389,176.265498,176.267226,nan,nan,nan,nan,nan,nan,nan,nan,nan,nan,nan,nan,nan,nan
nan,nan,nan,nan,nan,nan,nan,nan,nan,nan,nan,nan,175.301688,175.323212,175.358560,175.397628,175.430230,175.454212,175.470955,175.481531,175.487473,175.488910,175.485215,175.478910,175.474702,175.476117,175.479760,175.478583,175.474061,175.471320,175.472434,175.478077,175.493282,175.518462,175.530225,175.514821,175.507524,175.546507,175.637300,175.742026,175.798267,175.806032,175.800476,175.796245,175.794142,175.793948,175.796058,175.799729,175.811420,175.857319,175.942570,176.010869,176.030067,176.026504,176.018008,176.005969,175.993425,175.983828,175.975818,175.966205,175.961811,175.976012,176.002894,176.025074,176.038720,176.051960,176.067762,176.081581,176.090070,176.079907,176.021767,175.925068,175.852247,175.846440,175.915784,176.019760,176.079840,176.082351,176.069954,176.062487,176.060728,176.062683,176.066725,176.072305,176.079741,176.089142,176.100654,176.115335,176.134570,176.160001,176.192776,176.229057,176.261240,176.284243,176.298034,176.304993,176.308490,176.312676,176.319276,176.325101,176.329011,176.334622,176.343632,176.363845,176.442617,176.670815,177.030269,177.313190,177.428645,177.483331,177.542445,177.576053,177.552684,177.502254,177.464297,177.443925,177.430412,177.415307,177.396401,177.376219,177.356760,177.336447,177.312914,177.286026,177.258209,177.232486,177.210892,177.192769,177.175159,177.154478,177.126851,177.092680,177.058883,177.031466,177.010618,176.995121,176.984538,176.977187,176.969941,176.958869,176.941004,176.916875,176.888964,176.860365,176.835403,176.817382,176.806047,176.798496,176.791793,176.784623,176.777069,176.769697,176.762831,176.756547,176.750625,176.745364,176.740764,176.735889,176.730828,176.726853,176.723405,176.719835,176.717641,176.717807,176.719568,176.721540,176.724573,176.730303,176.732552,176.702793,176.589249,176.409242,176.272059,176.214084,176.200377,176.209110,176.229699,176.246403,176.254136,176.259254,176.263348,176.265426,nan,nan,nan,nan,nan,nan,nan,nan,nan,nan,nan,nan,nan
nan,nan,nan,nan,nan,nan,nan,nan,nan,nan,nan,nan,nan,nan,nan,175.409693,175.440427,175.462475,175.476721,175.484947,175.489389,175.490745,175.488519,175.483864,175.478791,175.474559,175.472118,175.471552,175.471661,175.471463,175.472614,175.476004,175.481837,175.489900,175.491820,175.482078,175.477490,175.512027,175.609681,175.728594,175.793036,175.803122,175.797921,175.793810,175.792377,175.793539,175.798060,175.805383,175.818227,175.853746,175.917676,175.972971,175.997297,176.010683,176.022105,176.026105,176.020651,176.008049,175.989286,175.962558,175.938435,175.937713,175.957131,175.975913,175.987691,176.002431,176.025263,176.050421,176.073932,176.086524,176.061218,175.990710,175.923299,175.909963,175.962627,176.043720,176.087233,176.082796,176.066111,176.054929,176.050719,176.051582,176.055849,176.062243,176.070171,176.079547,176.090455,176.103371,176.119205,176.139723,176.167312,176.201828,176.237625,176.266079,176.284182,176.294790,176.301834,176.308967,176.317790,176.325591,176.330924,176.336331,176.344441,176.366073,176.452496,176.702054,177.097738,177.410210,177.529470,177.562281,177.582766,177.585810,177.559325,177.519656,177.485815,177.461109,177.440245,177.417541,177.392791,177.371439,177.355796,177.340590,177.321136,177.299082,177.277973,177.259872,177.245478,177.234178,177.223498,177.208861,177.185517,177.153227,177.117485,177.083608,177.052766,177.027164,177.010085,177.000477,176.993760,176.985560,176.974065,176.959627,176.941636,176.919381,176.895493,176.874034,176.856411,176.841305,176.827110,176.813081,176.799276,176.787043,176.777754,176.771419,176.766989,176.763809,176.761365,176.758715,176.756142,176.755042,176.755147,176.755360,176.756080,176.758858,176.763771,176.768626,176.773167,176.778749,176.778227,176.739214,176.605974,176.407974,176.265767,176.206642,176.189233,176.193349,176.211587,176.230570,176.244458,176.255702,176.263227,176.265904,nan,nan,nan,nan,nan,nan,nan,nan,nan,nan,nan,nan,nan
nan,nan,nan,nan,nan,nan,nan,nan,nan,nan,nan,nan,nan,nan,nan,nan,nan,nan,nan,nan,nan,175.490119,175.489069,175.485546,175.480689,175.475305,175.471106,175.469961,175.470502,175.471217,175.474085,175.478299,175.481510,175.484251,175.484960,175.482629,175.488351,175.534125,175.639252,175.749547,175.799678,175.802680,175.795594,175.791497,175.791018,175.793426,175.799091,175.807533,175.819622,175.845229,175.888425,175.927231,175.952604,175.983731,176.019109,176.040449,176.039556,176.021074,175.990994,175.950882,175.913985,175.903318,175.915046,175.927924,175.935547,175.946986,175.969140,176.001557,176.041667,176.078098,176.087474,176.060167,176.023705,176.012568,176.036717,176.076215,176.095652,176.086247,176.066498,176.050517,176.042174,176.040683,176.044778,176.052214,176.060953,176.070538,176.080951,176.092096,176.104500,176.120009,176.141445,176.170681,176.205685,176.239385,176.266298,176.286515,176.302045,176.314365,176.324701,176.332843,176.338794,176.344433,176.352095,176.373964,176.466100,176.731202,177.143232,177.461284,177.576095,177.593673,177.591192,177.577074,177.550875,177.522090,177.496898,177.475054,177.452520,177.425620,177.398481,177.379784,177.369352,177.358021,177.340943,177.321164,177.301716,177.284379,177.270897,177.261737,177.254055,177.242246,177.222984,177.197135,177.167402,177.135386,177.101108,177.068907,177.045528,177.031640,177.022180,177.012020,177.000060,176.987522,176.973630,176.956412,176.936718,176.917471,176.899809,176.882766,176.865371,176.847149,176.828073,176.810601,176.797934,176.790443,176.786425,176.784659,176.784415,176.784422,176.784539,176.786177,176.789552,176.793159,176.795945,176.799118,176.803815,176.809072,176.814740,176.821299,176.820608,176.779533,176.643477,176.447374,176.309605,176.244925,176.211001,176.197074,176.203895,176.223326,176.247603,176.266881,176.274572,176.274144,176.272998,nan,nan,nan,nan,nan,nan,nan,nan,nan,nan,nan,nan
nan,nan,nan,nan,nan,nan,nan,nan,nan,nan,nan,nan,nan,nan,nan,nan,nan,nan,nan,nan,nan,nan,nan,nan,nan,nan,nan,nan,nan,nan,nan,nan,175.483669,175.485152,175.486265,175.488817,175.507263,175.576041,175.694851,175.788404,175.813644,175.804472,175.794106,175.789803,175.790214,175.793725,175.799869,175.807896,175.818477,175.837160,175.864505,175.886569,175.907556,175.952236,176.012742,176.052495,176.052648,176.022689,175.977758,175.927901,175.887572,175.874023,175.880936,175.889817,175.894739,175.901778,175.918813,175.951919,176.003374,176.059471,176.092549,176.094366,176.083708,176.078411,176.084733,176.098606,176.106906,176.097271,176.072719,176.048464,176.034217,176.030340,176.034798,176.043673,176.053294,176.062999,176.073001,176.082897,176.092571,176.103291,176.117818,176.138921,176.167608,176.202820,176.241850,176.279183,176.308210,176.326314,176.336491,176.342749,176.347742,176.353871,176.362744,176.386311,176.485531,176.765539,177.181769,177.489172,177.596127,177.606388,177.594329,177.573557,177.547695,177.523607,177.503909,177.487940,177.471415,177.449679,177.427986,177.414670,177.407228,177.398498,177.384983,177.366096,177.341808,177.316283,177.295791,177.282406,177.272660,177.260754,177.244351,177.224385,177.201296,177.174094,177.142229,177.110420,177.085550,177.069144,177.057201,177.044529,177.029688,177.014352,176.998788,176.981421,176.962764,176.945340,176.929731,176.914408,176.898011,176.879733,176.859169,176.838855,176.823270,176.813943,176.809465,176.808417,176.810033,176.812781,176.815603,176.819529,176.825109,176.830627,176.834453,176.837619,176.841890,176.847167,176.852888,176.858915,176.859222,176.829615,176.728527,176.575010,176.453706,176.374493,176.306015,176.253604,176.235597,176.255724,176.297795,176.321988,176.314879,176.303064,176.309688,176.340848,nan,nan,nan,nan,nan,nan,nan,nan,nan,nan,nan
nan,nan,nan,nan,nan,nan,nan,nan,nan,nan,nan,nan,nan,nan,nan,nan,nan,nan,nan,nan,nan,nan,nan,nan,nan,nan,nan,nan,nan,nan,nan,nan,nan,nan,nan,nan,nan,nan,nan,nan,nan,nan,nan,nan,nan,nan,nan,nan,nan,nan,nan,nan,175.875070,175.929060,176.010094,176.064371,176.060858,176.014988,175.953302,175.898254,175.863190,175.852370,175.856773,175.863352,175.866934,175.870751,175.883200,175.914089,175.971163,176.041556,176.088008,176.100560,176.100648,176.100096,176.102313,176.110603,176.121357,176.115287,176.083319,176.047108,176.026353,176.021391,176.026890,176.036952,176.047097,176.056848,176.066685,176.075876,176.083597,176.090399,176.098433,176.110628,176.130116,176.162608,176.213372,176.272214,176.316822,176.338720,176.346710,176.350144,176.353595,176.359682,176.369654,176.394995,176.500778,176.794304,177.211602,177.506338,177.606926,177.615255,177.600652,177.578228,177.552940,177.530411,177.513359,177.503133,177.498870,177.498178,177.497209,177.489772,177.477170,177.466922,177.456946,177.436259,177.400441,177.358727,177.324056,177.300372,177.283949,177.269745,177.255072,177.239193,177.220962,177.198216,177.170543,177.142781,177.120452,177.104687,177.092698,177.079731,177.063377,177.044904,177.025404,177.004292,176.983103,176.964915,176.949978,176.936203,176.921646,176.905012,176.885648,176.865546,176.849064,176.838596,176.833478,176.832238,176.834207,176.838343,176.843129,176.848734,176.855307,176.861220,176.865524,176.869499,176.874416,176.879866,176.885018,176.889837,176.891099,176.876741,176.825698,176.742421,176.663877,176.591158,176.505437,176.419886,176.370740,176.384587,176.436323,176.450321,176.411904,176.387130,176.415424,176.485616,nan,nan,nan,nan,nan,nan,nan,nan,nan,nan,nan
nan,nan,nan,nan,nan,nan,nan,nan,nan,nan,nan,nan,nan,nan,nan,nan,nan,nan,nan,nan,nan,nan,nan,nan,nan,nan,nan,nan,nan,nan,nan,nan,nan,nan,nan,nan,nan,nan,nan,nan,nan,nan,nan,nan,nan,nan,nan,nan,nan,nan,nan,nan,nan,nan,nan,nan,nan,nan,nan,nan,nan,nan,nan,nan,nan,nan,nan,nan,nan,nan,nan,176.099217,176.102135,176.104536,176.108225,176.118714,176.135750,176.133476,176.093618,176.045474,176.019617,176.015196,176.021733,176.031555,176.041238,176.051171,176.061306,176.069772,176.075570,176.079664,176.083275,176.087882,176.097744,176.125691,176.186551,176.266101,176.323904,176.346044,176.350395,176.351736,176.354480,176.360168,176.370087,176.395601,176.504279,176.805749,177.223920,177.511179,177.608694,177.619336,177.608134,177.588094,177.565471,177.546632,177.534029,177.528663,177.534072,177.554882,177.578193,177.579108,177.560109,177.543617,177.532256,177.507085,177.459024,177.399979,177.348583,177.312675,177.288954,177.272101,177.258156,177.244553,177.229348,177.210219,177.186729,177.162972,177.143413,177.129203,177.118113,177.105756,177.089744,177.071155,177.050417,177.026436,177.001750,176.981013,176.965048,176.951490,176.937734,176.922081,176.904019,176.885310,176.869475,176.858900,176.853333,176.851193,176.852155,176.856369,176.862415,176.869205,176.876071,176.882050,176.887229,176.892464,176.897757,176.902524,176.906528,176.910007,176.911098,176.905987,176.889507,176.862004,176.830716,176.791239,176.733457,176.662101,176.607370,176.606670,176.641002,176.635432,176.581991,176.560120,176.602376,176.674912,176.740807,nan,nan,nan,nan,nan,nan,nan,nan,nan,nan
nan,nan,nan,nan,nan,nan,nan,nan,nan,nan,nan,nan,nan,nan,nan,nan,nan,nan,nan,nan,nan,nan,nan,nan,nan,nan,nan,nan,nan,nan,nan,nan,nan,nan,nan,nan,nan,nan,nan,nan,nan,nan,nan,nan,nan,nan,nan,nan,nan,nan,nan,nan,nan,nan,nan,nan,nan,nan,nan,nan,nan,nan,nan,nan,nan,nan,nan,nan,nan,nan,nan,nan,nan,nan,nan,nan,nan,nan,nan,nan,nan,nan,176.020090,176.028100,176.036178,176.046146,176.056843,176.064477,176.068359,176.070846,176.072240,176.071268,176.072203,176.095486,176.164767,176.260680,176.327175,176.347204,176.348202,176.348961,176.351941,176.357029,176.366046,176.390572,176.498023,176.799965,177.218504,177.504255,177.602293,177.618555,177.614847,177.598850,177.579290,177.567237,177.563149,177.561639,177.566878,177.591777,177.625972,177.637170,177.620285,177.598805,177.582187,177.553754,177.499569,177.427165,177.360194,177.314756,177.287519,177.269802,177.256211,177.243595,177.229925,177.213369,177.193257,177.172135,177.154133,177.140942,177.129975,177.117136,177.101517,177.084812,177.066132,177.042608,177.016542,176.993974,176.976900,176.962934,176.948898,176.932953,176.915059,176.897179,176.882129,176.871747,176.865776,176.862751,176.862821,176.867023,176.873907,176.881334,176.888308,176.894838,176.901323,176.907377,176.912110,176.915531,176.917947,176.919117,176.918180,176.915560,176.912268,176.907840,176.900243,176.886050,176.861658,176.827291,176.796115,176.789445,176.800808,176.792097,176.760410,176.752253,176.778991,176.813172,176.836285,nan,nan,nan,nan,nan,nan,nan,nan,nan,nan
nan,nan,nan,nan,nan,nan,nan,nan,nan,nan,nan,nan,nan,nan,nan,nan,nan,nan,nan,nan,nan,nan,nan,nan,nan,nan,nan,nan,nan,nan,nan,nan,nan,nan,nan,nan,nan,nan,nan,nan,nan,nan,nan,nan,nan,nan,nan,nan,nan,nan,nan,nan,nan,nan,nan,nan,nan,nan,nan,nan,nan,nan,nan,nan,nan,nan,nan,nan,nan,nan,nan,nan,nan,nan,nan,nan,nan,nan,nan,nan,nan,nan,nan,nan,nan,nan,nan,nan,nan,nan,nan,nan,nan,nan,nan,nan,nan,nan,176.344322,176.345840,176.349285,176.353586,176.361453,176.384893,176.489387,176.787584,177.205913,177.493363,177.593952,177.616291,177.619941,177.606829,177.587731,177.581130,177.585677,177.586658,177.587331,177.608727,177.645607,177.663495,177.652552,177.631553,177.612783,177.585454,177.530784,177.446535,177.362375,177.308610,177.281506,177.265243,177.252322,177.240094,177.227089,177.212062,177.193965,177.174178,177.157047,177.144543,177.133149,177.119167,177.103766,177.089021,177.072622,177.050777,177.025523,177.003063,176.985909,176.971617,176.956793,176.939793,176.921003,176.902790,176.887993,176.878061,176.872289,176.869099,176.868791,176.872811,176.879757,176.887228,176.894550,176.902279,176.910050,176.916373,176.920511,176.923038,176.924066,176.922751,176.919474,176.916795,176.916529,176.917193,176.915679,176.910243,176.900402,176.886872,176.873706,176.867343,176.866636,176.861599,176.852700,176.853140,176.862712,176.870651,176.872990,nan,nan,nan,nan,nan,nan,nan,nan,nan,nan
nan,nan,nan,nan,nan,nan,nan,nan,nan,nan,nan,nan,nan,nan,nan,nan,nan,nan,nan,nan,nan,nan,nan,nan,nan,nan,nan,nan,nan,nan,nan,nan,nan,nan,nan,nan,nan,nan,nan,nan,nan,nan,nan,nan,nan,nan,nan,nan,nan,nan,nan,nan,nan,nan,nan,nan,nan,nan,nan,nan,nan,nan,nan,nan,nan,nan,nan,nan,nan,nan,nan,nan,nan,nan,nan,nan,nan,nan,nan,nan,nan,nan,nan,nan,nan,nan,nan,nan,nan,nan,nan,nan,nan,nan,nan,nan,nan,nan,nan,nan,nan,nan,nan,nan,nan,nan,nan,nan,nan,nan,nan,nan,nan,nan,nan,nan,nan,nan,nan,177.678836,177.672796,177.656404,177.640274,177.616937,177.563477,177.466692,177.362477,177.299286,177.273745,177.260648,177.249043,177.236971,177.224152,177.209901,177.192743,177.173521,177.156808,177.144563,177.132545,177.117583,177.102514,177.088887,177.073450,177.052773,177.029005,177.007728,176.991277,176.977136,176.962034,176.944342,176.924229,176.904568,176.889321,176.880187,176.875638,176.873284,176.872880,176.875952,176.881886,176.888947,176.896839,176.905899,176.914613,176.921189,176.925599,176.928182,176.928544,176.926189,176.921947,176.918494,176.917929,176.918638,176.918018,176.915133,176.909863,176.902841,176.895448,176.889113,176.883378,176.877545,176.875119,176.878461,176.882725,176.883026,176.880189,nan,nan,nan,nan,nan,nan,nan,nan,nan,nan
nan,nan,nan,nan,nan,nan,nan,nan,nan,nan,nan,nan,nan,nan,nan,nan,nan,nan,nan,nan,nan,nan,nan,nan,nan,nan,nan,nan,nan,nan,nan,nan,nan,nan,nan,nan,nan,nan,nan,nan,nan,nan,nan,nan,nan,nan,nan,nan,nan,nan,nan,nan,nan,nan,nan,nan,nan,nan,nan,nan,nan,nan,nan,nan,nan,nan,nan,nan,nan,nan,nan,nan,nan,nan,nan,nan,nan,nan,nan,nan,nan,nan,nan,nan,nan,nan,nan,nan,nan,nan,nan,nan,nan,nan,nan,nan,nan,nan,nan,nan,nan,nan,nan,nan,nan,nan,nan,nan,nan,nan,nan,nan,nan,nan,nan,nan,nan,nan,nan,nan,nan,nan,nan,nan,nan,nan,nan,nan,nan,nan,nan,nan,nan,nan,nan,nan,nan,nan,nan,nan,177.100269,177.087101,177.071804,177.051794,177.029141,177.008815,176.993072,176.979486,176.965079,176.947754,176.926468,176.904639,176.888572,176.880249,176.876993,176.875838,176.875740,176.877652,176.882033,176.888404,176.896702,176.906696,176.916119,176.923483,176.929085,176.932337,176.932588,176.930274,176.926134,176.921661,176.919606,176.919435,176.918938,176.917416,176.914264,176.909449,176.903686,176.897376,176.889709,176.881518,176.878251,176.881426,176.884475,176.882463,176.877717,nan,nan,nan,nan,nan,nan,nan,nan,nan,nan
nan,nan,nan,nan,nan,nan,nan,nan,nan,nan,nan,nan,nan,nan,nan,nan,nan,nan,nan,nan,nan,nan,nan,nan,nan,nan,nan,nan,nan,nan,nan,nan,nan,nan,nan,nan,nan,nan,nan,nan,nan,nan,nan,nan,nan,nan,nan,nan,nan,nan,nan,nan,nan,nan,nan,nan,nan,nan,nan,nan,nan,nan,nan,nan,nan,nan,nan,nan,nan,nan,nan,nan,nan,nan,nan,nan,nan,nan,nan,nan,nan,nan,nan,nan,nan,nan,nan,nan,nan,nan,nan,nan,nan,nan,nan,nan,nan,nan,nan,nan,nan,nan,nan,nan,nan,nan,nan,nan,nan,nan,nan,nan,nan,nan,nan,nan,nan,nan,nan,nan,nan,nan,nan,nan,nan,nan,nan,nan,nan,nan,nan,nan,nan,nan,nan,nan,nan,nan,nan,nan,nan,nan,nan,nan,nan,nan,nan,nan,nan,nan,nan,nan,176.886836,176.879532,176.876837,176.876378,176.876899,176.878343,176.881661,176.887419,176.895761,176.906156,176.916169,176.924702,176.931870,176.936031,176.936281,176.933822,176.929882,nan,nan,176.920451,176.920056,176.919566,176.917909,176.914448,176.909603,176.903519,176.895029,176.884612,176.878623,176.880011,nan,nan,nan,nan,nan,nan,nan,nan,nan,nan,nan,nan,nan
nan,nan,nan,nan,nan,nan,nan,nan,nan,nan,nan,nan,nan,nan,nan,nan,nan,nan,nan,nan,nan,nan,nan,nan,nan,nan,nan,nan,nan,nan,nan,nan,nan,nan,nan,nan,nan,nan,nan,nan,nan,nan,nan,nan,nan,nan,nan,nan,nan,nan,nan,nan,nan,nan,nan,nan,nan,nan,nan,nan,nan,nan,nan,nan,nan,nan,nan,nan,nan,nan,nan,nan,nan,nan,nan,nan,nan,nan,nan,nan,nan,nan,nan,nan,nan,nan,nan,nan,nan,nan,nan,nan,nan,nan,nan,nan,nan,nan,nan,nan,nan,nan,nan,nan,nan,nan,nan,nan,nan,nan,nan,nan,nan,nan,nan,nan,nan,nan,nan,nan,nan,nan,nan,nan,nan,nan,nan,nan,nan,nan,nan,nan,nan,nan,nan,nan,nan,nan,nan,nan,nan,nan,nan,nan,nan,nan,nan,nan,nan,nan,nan,nan,nan,nan,nan,nan,nan,nan,nan,nan,nan,nan,nan,nan,nan,nan,nan,nan,nan,nan,nan,nan,nan,nan,nan,176.917966,176.913871,176.908293,nan,nan,nan,nan,nan,nan,nan,nan,nan,nan,nan,nan,nan,nan,nan,nan,nan
nan,nan,nan,nan,nan,nan,nan,nan,nan,nan,nan,nan,nan,nan,nan,nan,nan,nan,nan,nan,nan,nan,nan,nan,nan,nan,nan,nan,nan,nan,nan,nan,nan,nan,nan,nan,nan,nan,nan,nan,nan,nan,nan,nan,nan,nan,nan,nan,nan,nan,nan,nan,nan,nan,nan,nan,nan,nan,nan,nan,nan,nan,nan,nan,nan,nan,nan,nan,nan,nan,nan,nan,nan,nan,nan,nan,nan,nan,nan,nan,nan,nan,nan,nan,nan,nan,nan,nan,nan,nan,nan,nan,nan,nan,nan,nan,nan,nan,nan,nan,nan,nan,nan,nan,nan,nan,nan,nan,nan,nan,nan,nan,nan,nan,nan,nan,nan,nan,nan,nan,nan,nan,nan,nan,nan,nan,nan,nan,nan,nan,nan,nan,nan,nan,nan,nan,nan,nan,nan,nan,nan,nan,nan,nan,nan,nan,nan,nan,nan,nan,nan,nan,nan,nan,nan,nan,nan,nan,nan,nan,nan,nan,nan,nan,nan,nan,nan,nan,nan,nan,nan,nan,nan,nan,nan,nan,nan,nan,nan,nan,nan,nan,nan,nan,nan,nan,nan,nan,nan,nan,nan,nan,nan,nan,nan
nan,nan,nan,nan,nan,nan,nan,nan,nan,nan,nan,nan,nan,nan,nan,nan,nan,nan,nan,nan,nan,nan,nan,nan,nan,nan,nan,nan,nan,nan,nan,nan,nan,nan,nan,nan,nan,nan,nan,nan,nan,nan,nan,nan,nan,nan,nan,nan,nan,nan,nan,nan,nan,nan,nan,nan,nan,nan,nan,nan,nan,nan,nan,nan,nan,nan,nan,nan,nan,nan,nan,nan,nan,nan,nan,nan,nan,nan,nan,nan,nan,nan,nan,nan,nan,nan,nan,nan,nan,nan,nan,nan,nan,nan,nan,nan,nan,nan,nan,nan,nan,nan,nan,nan,nan,nan,nan,nan,nan,nan,nan,nan,nan,nan,nan,nan,nan,nan,nan,nan,nan,nan,nan,nan,nan,nan,nan,nan,nan,nan,nan,nan,nan,nan,nan,nan,nan,nan,nan,nan,nan,nan,nan,nan,nan,nan,nan,nan,nan,nan,nan,nan,nan,nan,nan,nan,nan,nan,nan,nan,nan,nan,nan,nan,nan,nan,nan,nan,nan,nan,nan,nan,nan,nan,nan,nan,nan,nan,nan,nan,nan,nan,nan,nan,nan,nan,nan,nan,nan,nan,nan,nan,nan,nan,nan
nan,nan,nan,nan,nan,nan,nan,nan,nan,nan,nan,nan,nan,nan,nan,nan,nan,nan,nan,nan,nan,nan,nan,nan,nan,nan,nan,nan,nan,nan,nan,nan,nan,nan,nan,nan,nan,nan,nan,nan,nan,nan,nan,nan,nan,nan,nan,nan,nan,nan,nan,nan,nan,nan,nan,nan,nan,nan,nan,nan,nan,nan,nan,nan,nan,nan,nan,nan,nan,nan,nan,nan,nan,nan,nan,nan,nan,nan,nan,nan,nan,nan,nan,nan,nan,nan,nan,nan,nan,nan,nan,nan,nan,nan,nan,nan,nan,nan,nan,nan,nan,nan,nan,nan,nan,nan,nan,nan,nan,nan,nan,nan,nan,nan,nan,nan,nan,nan,nan,nan,nan,nan,nan,nan,nan,nan,nan,nan,nan,nan,nan,nan,nan,nan,nan,nan,nan,nan,nan,nan,nan,nan,nan,nan,nan,nan,nan,nan,nan,nan,nan,nan,nan,nan,nan,nan,nan,nan,nan,nan,nan,nan,nan,nan,nan,nan,nan,nan,nan,nan,nan,nan,nan,nan,nan,nan,nan,nan,nan,nan,nan,nan,nan,nan,nan,nan,nan,nan,nan,nan,nan,nan,nan,nan,nan
nan,nan,nan,nan,nan,nan,nan,nan,nan,nan,nan,nan,nan,nan,nan,nan,nan,nan,nan,nan,nan,nan,nan,nan,nan,nan,nan,nan,nan,nan,nan,nan,nan,nan,nan,nan,nan,nan,nan,nan,nan,nan,nan,nan,nan,nan,nan,nan,nan,nan,nan,nan,nan,nan,nan,nan,nan,nan,nan,nan,nan,nan,nan,nan,nan,nan,nan,nan,nan,nan,nan,nan,nan,nan,nan,nan,nan,nan,nan,nan,nan,nan,nan,nan,nan,nan,nan,nan,nan,nan,nan,nan,nan,nan,nan,nan,nan,nan,nan,nan,nan,nan,nan,nan,nan,nan,nan,nan,nan,nan,nan,nan,nan,nan,nan,nan,nan,nan,nan,nan,nan,nan,nan,nan,nan,nan,nan,nan,nan,nan,nan,nan,nan,nan,nan,nan,nan,nan,nan,nan,nan,nan,nan,nan,nan,nan,nan,nan,nan,nan,nan,nan,nan,nan,nan,nan,nan,nan,nan,nan,nan,nan,nan,nan,nan,nan,nan,nan,nan,nan,nan,nan,nan,nan,nan,nan,nan,nan,nan,nan,nan,nan,nan,nan,nan,nan,nan,nan,nan,nan,nan,nan,nan,nan,nan
nan,nan,nan,nan,nan,nan,nan,nan,nan,nan,nan,nan,nan,nan,nan,nan,nan,nan,nan,nan,nan,nan,nan,nan,nan,nan,nan,nan,nan,nan,nan,nan,nan,nan,nan,nan,nan,nan,nan,nan,nan,nan,nan,nan,nan,nan,nan,nan,nan,nan,nan,nan,nan,nan,nan,nan,nan,nan,nan,nan,nan,nan,nan,nan,nan,nan,nan,nan,nan,nan,nan,nan,nan,nan,nan,nan,nan,nan,nan,nan,nan,nan,nan,nan,nan,nan,nan,nan,nan,nan,nan,nan,nan,nan,nan,nan,nan,nan,nan,nan,nan,nan,nan,nan,nan,nan,nan,nan,nan,nan,nan,nan,nan,nan,nan,nan,nan,nan,nan,nan,nan,nan,nan,nan,nan,nan,nan,nan,nan,nan,nan,nan,nan,nan,nan,nan,nan,nan,nan,nan,nan,nan,nan,nan,nan,nan,nan,nan,nan,nan,nan,nan,nan,nan,nan,nan,nan,nan,nan,nan,nan,nan,nan,nan,nan,nan,nan,nan,nan,nan,nan,nan,nan,nan,nan,nan,nan,nan,nan,nan,nan,nan,nan,nan,nan,nan,nan,nan,nan,nan,nan,nan,nan,nan,nan
nan,nan,nan,nan,nan,nan,nan,nan,nan,nan,nan,nan,nan,nan,nan,nan,nan,nan,nan,nan,nan,nan,nan,nan,nan,nan,nan,nan,nan,nan,nan,nan,nan,nan,nan,nan,nan,nan,nan,nan,nan,nan,nan,nan,nan,nan,nan,nan,nan,nan,nan,nan,nan,nan,nan,nan,nan,nan,nan,nan,nan,nan,nan,nan,nan,nan,nan,nan,nan,nan,nan,nan,nan,nan,nan,nan,nan,nan,nan,nan,nan,nan,nan,nan,nan,nan,nan,nan,nan,nan,nan,nan,nan,nan,nan,nan,nan,nan,nan,nan,nan,nan,nan,nan,nan,nan,nan,nan,nan,nan,nan,nan,nan,nan,nan,nan,nan,nan,nan,nan,nan,nan,nan,nan,nan,nan,nan,nan,nan,nan,nan,nan,nan,nan,nan,nan,nan,nan,nan,nan,nan,nan,nan,nan,nan,nan,nan,nan,nan,nan,nan,nan,nan,nan,nan,nan,nan,nan,nan,nan,nan,nan,nan,nan,nan,nan,nan,nan,nan,nan,nan,nan,nan,nan,nan,nan,nan,nan,nan,nan,nan,nan,nan,nan,nan,nan,nan,nan,nan,nan,nan,nan,nan,nan,nan
nan,nan,nan,nan,nan,nan,nan,nan,nan,nan,nan,nan,nan,nan,nan,nan,nan,nan,nan,nan,nan,nan,nan,nan,nan,nan,nan,nan,nan,nan,nan,nan,nan,nan,nan,nan,nan,nan,nan,nan,nan,nan,nan,nan,nan,nan,nan,nan,nan,nan,nan,nan,nan,nan,nan,nan,nan,nan,nan,nan,nan,nan,nan,nan,nan,nan,nan,nan,nan,nan,nan,nan,nan,nan,nan,nan,nan,nan,nan,nan,nan,nan,nan,nan,nan,nan,nan,nan,nan,nan,nan,nan,nan,nan,nan,nan,nan,nan,nan,nan,nan,nan,nan,nan,nan,nan,nan,nan,nan,nan,nan,nan,nan,nan,nan,nan,nan,nan,nan,nan,nan,nan,nan,nan,nan,nan,nan,nan,nan,nan,nan,nan,nan,nan,nan,nan,nan,nan,nan,nan,nan,nan,nan,nan,nan,nan,nan,nan,nan,nan,nan,nan,nan,nan,nan,nan,nan,nan,nan,nan,nan,nan,nan,nan,nan,nan,nan,nan,nan,nan,nan,nan,nan,nan,nan,nan,nan,nan,nan,nan,nan,nan,nan,nan,nan,nan,nan,nan,nan,nan,nan,nan,nan,nan,nan
nan,nan,nan,nan,nan,nan,nan,nan,nan,nan,nan,nan,nan,nan,nan,nan,nan,nan,nan,nan,nan,nan,nan,nan,nan,nan,nan,nan,nan,nan,nan,nan,nan,nan,nan,nan,nan,nan,nan,nan,nan,nan,nan,nan,nan,nan,nan,nan,nan,nan,nan,nan,nan,nan,nan,nan,nan,nan,nan,nan,nan,nan,nan,nan,nan,nan,nan,nan,nan,nan,nan,nan,nan,nan,nan,nan,nan,nan,nan,nan,nan,nan,nan,nan,nan,nan,nan,nan,nan,nan,nan,nan,nan,nan,nan,nan,nan,nan,nan,nan,nan,nan,nan,nan,nan,nan,nan,nan,nan,nan,nan,nan,nan,nan,nan,nan,nan,nan,nan,nan,nan,nan,nan,nan,nan,nan,nan,nan,nan,nan,nan,nan,nan,nan,nan,nan,nan,nan,nan,nan,nan,nan,nan,nan,nan,nan,nan,nan,nan,nan,nan,nan,nan,nan,nan,nan,nan,nan,nan,nan,nan,nan,nan,nan,nan,nan,nan,nan,nan,nan,nan,nan,nan,nan,nan,nan,nan,nan,nan,nan,nan,nan,nan,nan,nan,nan,nan,nan,nan,nan,nan,nan,nan,nan,nan
nan,nan,nan,nan,nan,nan,nan,nan,nan,nan,nan,nan,nan,nan,nan,nan,nan,nan,nan,nan,nan,nan,nan,nan,nan,nan,nan,nan,nan,nan,nan,nan,nan,nan,nan,nan,nan,nan,nan,nan,nan,nan,nan,nan,nan,nan,nan,nan,nan,nan,nan,nan,nan,nan,nan,nan,nan,nan,nan,nan,nan,nan,nan,nan,nan,nan,nan,nan,nan,nan,nan,nan,nan,nan,nan,nan,nan,nan,nan,nan,nan,nan,nan,nan,nan,nan,nan,nan,nan,nan,nan,nan,nan,nan,nan,nan,nan,nan,nan,nan,nan,nan,nan,nan,nan,nan,nan,nan,nan,nan,nan,nan,nan,nan,nan,nan,nan,nan,nan,nan,nan,nan,nan,nan,nan,nan,nan,nan,nan,nan,nan,nan,nan,nan,nan,nan,nan,nan,nan,nan,nan,nan,nan,nan,nan,nan,nan,nan,nan,nan,nan,nan,nan,nan,nan,nan,nan,nan,nan,nan,nan,nan,nan,nan,nan,nan,nan,nan,nan,nan,nan,nan,nan,nan,nan,nan,nan,nan,nan,nan,nan,nan,nan,nan,nan,nan,nan,nan,nan,nan,nan,nan,nan,nan,nan
nan,nan,nan,nan,nan,nan,nan,nan,nan,nan,nan,nan,nan,nan,nan,nan,nan,nan,nan,nan,nan,nan,nan,nan,nan,nan,nan,nan,nan,nan,nan,nan,nan,nan,nan,nan,nan,nan,nan,nan,nan,nan,nan,nan,nan,nan,nan,nan,nan,nan,nan,nan,nan,nan,nan,nan,nan,nan,nan,nan,nan,nan,nan,nan,nan,nan,nan,nan,nan,nan,nan,nan,nan,nan,nan,nan,nan,nan,nan,nan,nan,nan,nan,nan,nan,nan,nan,nan,nan,nan,nan,nan,nan,nan,nan,nan,nan,nan,nan,nan,nan,nan,nan,nan,nan,nan,nan,nan,nan,nan,nan,nan,nan,nan,nan,nan,nan,nan,nan,nan,nan,nan,nan,nan,nan,nan,nan,nan,nan,nan,nan,nan,nan,nan,nan,nan,nan,nan,nan,nan,nan,nan,nan,nan,nan,nan,nan,nan,nan,nan,nan,nan,nan,nan,nan,nan,nan,nan,nan,nan,nan,nan,nan,nan,nan,nan,nan,nan,nan,nan,nan,nan,nan,nan,nan,nan,nan,nan,nan,nan,nan,nan,nan,nan,nan,nan,nan,nan,nan,nan,nan,nan,nan,nan,nan
nan,nan,nan,nan,nan,nan,nan,nan,nan,nan,nan,nan,nan,nan,nan,nan,nan,nan,nan,nan,nan,nan,nan,nan,nan,nan,nan,nan,nan,nan,nan,nan,nan,nan,nan,nan,nan,nan,nan,nan,nan,nan,nan,nan,nan,nan,nan,nan,nan,nan,nan,nan,nan,nan,nan,nan,nan,nan,nan,nan,nan,nan,nan,nan,nan,nan,nan,nan,nan,nan,nan,nan,nan,nan,nan,nan,nan,nan,nan,nan,nan,nan,nan,nan,nan,nan,nan,nan,nan,nan,nan,nan,nan,nan,nan,nan,nan,nan,nan,nan,nan,nan,nan,nan,nan,nan,nan,nan,nan,nan,nan,nan,nan,nan,nan,nan,nan,nan,nan,nan,nan,nan,nan,nan,nan,nan,nan,nan,nan,nan,nan,nan,nan,nan,nan,nan,nan,nan,nan,nan,nan,nan,nan,nan,nan,nan,nan,nan,nan,nan,nan,nan,nan,nan,nan,nan,nan,nan,nan,nan,nan,nan,nan,nan,nan,nan,nan,nan,nan,nan,nan,nan,nan,nan,nan,nan,nan,nan,nan,nan,nan,nan,nan,nan,nan,nan,nan,nan,nan,nan,nan,nan,nan,nan,nan
nan,nan,nan,nan,nan,nan,nan,nan,nan,nan,nan,nan,nan,nan,nan,nan,nan,nan,nan,nan,nan,nan,nan,nan,nan,nan,nan,nan,nan,nan,nan,nan,nan,nan,nan,nan,nan,nan,nan,nan,nan,nan,nan,nan,nan,nan,nan,nan,nan,nan,nan,nan,nan,nan,nan,nan,nan,nan,nan,nan,nan,nan,nan,nan,nan,nan,nan,nan,nan,nan,nan,nan,nan,nan,nan,nan,nan,nan,nan,nan,nan,nan,nan,nan,nan,nan,nan,nan,nan,nan,nan,nan,nan,nan,nan,nan,nan,nan,nan,nan,nan,nan,nan,nan,nan,nan,nan,nan,nan,nan,nan,nan,nan,nan,nan,nan,nan,nan,nan,nan,nan,nan,nan,nan,nan,nan,nan,nan,nan,nan,nan,nan,nan,nan,nan,nan,nan,nan,nan,nan,nan,nan,nan,nan,nan,nan,nan,nan,nan,nan,nan,nan,nan,nan,nan,nan,nan,nan,nan,nan,nan,nan,nan,nan,nan,nan,nan,nan,nan,nan,nan,nan,nan,nan,nan,nan,nan,nan,nan,nan,nan,nan,nan,nan,nan,nan,nan,nan,nan,nan,nan,nan,nan,nan,nan
nan,nan,nan,nan,nan,nan,nan,nan,nan,nan,nan,nan,nan,nan,nan,nan,nan,nan,nan,nan,nan,nan,nan,nan,nan,nan,nan,nan,nan,nan,nan,nan,nan,nan,nan,nan,nan,nan,nan,nan,nan,nan,nan,nan,nan,nan,nan,nan,nan,nan,nan,nan,nan,nan,nan,nan,nan,nan,nan,nan,nan,nan,nan,nan,nan,nan,nan,nan,nan,nan,nan,nan,nan,nan,nan,nan,nan,nan,nan,nan,nan,nan,nan,nan,nan,nan,nan,nan,nan,nan,nan,nan,nan,nan,nan,nan,nan,nan,nan,nan,nan,nan,nan,nan,nan,nan,nan,nan,nan,nan,nan,nan,nan,nan,nan,nan,nan,nan,nan,nan,nan,nan,nan,nan,nan,nan,nan,nan,nan,nan,nan,nan,nan,nan,nan,nan,nan,nan,nan,nan,nan,nan,nan,nan,nan,nan,nan,nan,nan,nan,nan,nan,nan,nan,nan,nan,nan,nan,nan,nan,nan,nan,nan,nan,nan,nan,nan,nan,nan,nan,nan,nan,nan,nan,nan,nan,nan,nan,nan,nan,nan,nan,nan,nan,nan,nan,nan,nan,nan,nan,nan,nan,nan,nan,nan
nan,nan,nan,nan,nan,nan,nan,nan,nan,nan,nan,nan,nan,nan,nan,nan,nan,nan,nan,nan,nan,nan,nan,nan,nan,nan,nan,nan,nan,nan,nan,nan,nan,nan,nan,nan,nan,nan,nan,nan,nan,nan,nan,nan,nan,nan,nan,nan,nan,nan,nan,nan,nan,nan,nan,nan,nan,nan,nan,nan,nan,nan,nan,nan,nan,nan,nan,nan,nan,nan,nan,nan,nan,nan,nan,nan,nan,nan,nan,nan,nan,nan,nan,nan,nan,nan,nan,nan,nan,nan,nan,nan,nan,nan,nan,nan,nan,nan,nan,nan,nan,nan,nan,nan,nan,nan,nan,nan,nan,nan,nan,nan,nan,nan,nan,nan,nan,nan,nan,nan,nan,nan,nan,nan,nan,nan,nan,nan,nan,nan,nan,nan,nan,nan,nan,nan,nan,nan,nan,nan,nan,nan,nan,nan,nan,nan,nan,nan,nan,nan,nan,nan,nan,nan,nan,nan,nan,nan,nan,nan,nan,nan,nan,nan,nan,nan,nan,nan,nan,nan,nan,nan,nan,nan,nan,nan,nan,nan,nan,nan,nan,nan,nan,nan,nan,nan,nan,nan,nan,nan,nan,nan,nan,nan,nan
nan,nan,nan,nan,nan,nan,nan,nan,nan,nan,nan,nan,nan,nan,nan,nan,nan,nan,nan,nan,nan,nan,nan,nan,nan,nan,nan,nan,nan,nan,nan,nan,nan,nan,nan,nan,nan,nan,nan,nan,nan,nan,nan,nan,nan,nan,nan,nan,nan,nan,nan,nan,nan,nan,nan,nan,nan,nan,nan,nan,nan,nan,nan,nan,nan,nan,nan,nan,nan,nan,nan,nan,nan,nan,nan,nan,nan,nan,nan,nan,nan,nan,nan,nan,nan,nan,nan,nan,nan,nan,nan,nan,nan,nan,nan,nan,nan,nan,nan,nan,nan,nan,nan,nan,nan,nan,nan,nan,nan,nan,nan,nan,nan,nan,nan,nan,nan,nan,nan,nan,nan,nan,nan,nan,nan,nan,nan,nan,nan,nan,nan,nan,nan,nan,nan,nan,nan,nan,nan,nan,nan,nan,nan,nan,nan,nan,nan,nan,nan,nan,nan,nan,nan,nan,nan,nan,nan,nan,nan,nan,nan,nan,nan,nan,nan,nan,nan,nan,nan,nan,nan,nan,nan,nan,nan,nan,nan,nan,nan,nan,nan,nan,nan,nan,nan,nan,nan,nan,nan,nan,nan,nan,nan,nan,nan
nan,nan,nan,nan,nan,nan,nan,nan,nan,nan,nan,nan,nan,nan,nan,nan,nan,nan,nan,nan,nan,nan,nan,nan,nan,nan,nan,nan,nan,nan,nan,nan,nan,nan,nan,nan,nan,nan,nan,nan,nan,nan,nan,nan,nan,nan,nan,nan,nan,nan,nan,nan,nan,nan,nan,nan,nan,nan,nan,nan,nan,nan,nan,nan,nan,nan,nan,nan,nan,nan,nan,nan,nan,nan,nan,nan,nan,nan,nan,nan,nan,nan,nan,nan,nan,nan,nan,nan,nan,nan,nan,nan,nan,nan,nan,nan,nan,nan,nan,nan,nan,nan,nan,nan,nan,nan,nan,nan,nan,nan,nan,nan,nan,nan,nan,nan,nan,nan,nan,nan,nan,nan,nan,nan,nan,nan,nan,nan,nan,nan,nan,nan,nan,nan,nan,nan,nan,nan,nan,nan,nan,nan,nan,nan,nan,nan,nan,nan,nan,nan,nan,nan,nan,nan,nan,nan,nan,nan,nan,nan,nan,nan,nan,nan,nan,nan,nan,nan,nan,nan,nan,nan,nan,nan,nan,nan,nan,nan,nan,nan,nan,nan,nan,nan,nan,nan,nan,nan,nan,nan,nan,nan,nan,nan,nan
nan,nan,nan,nan,nan,nan,nan,nan,nan,nan,nan,nan,nan,nan,nan,nan,nan,nan,nan,nan,nan,nan,nan,nan,nan,nan,nan,nan,nan,nan,nan,nan,nan,nan,nan,nan,nan,nan,nan,nan,nan,nan,nan,nan,nan,nan,nan,nan,nan,nan,nan,nan,nan,nan,nan,nan,nan,nan,nan,nan,nan,nan,nan,nan,nan,nan,nan,nan,nan,nan,nan,nan,nan,nan,nan,nan,nan,nan,nan,nan,nan,nan,nan,nan,nan,nan,nan,nan,nan,nan,nan,nan,nan,nan,nan,nan,nan,nan,nan,nan,nan,nan,nan,nan,nan,nan,nan,nan,nan,nan,nan,nan,nan,nan,nan,nan,nan,nan,nan,nan,nan,nan,nan,nan,nan,nan,nan,nan,nan,nan,nan,nan,nan,nan,nan,nan,nan,nan,nan,nan,nan,nan,nan,nan,nan,nan,nan,nan,nan,nan,nan,nan,nan,nan,nan,nan,nan,nan,nan,nan,nan,nan,nan,nan,nan,nan,nan,nan,nan,nan,nan,nan,nan,nan,nan,nan,nan,nan,nan,nan,nan,nan,nan,nan,nan,nan,nan,nan,nan,nan,nan,nan,nan,nan,nan
nan,nan,nan,nan,nan,nan,nan,nan,nan,nan,nan,nan,nan,nan,nan,nan,nan,nan,nan,nan,nan,nan,nan,nan,nan,nan,nan,nan,nan,nan,nan,nan,nan,nan,nan,nan,nan,nan,nan,nan,nan,nan,nan,nan,nan,nan,nan,nan,nan,nan,nan,nan,nan,nan,nan,nan,nan,nan,nan,nan,nan,nan,nan,nan,nan,nan,nan,nan,nan,nan,nan,nan,nan,nan,nan,nan,nan,nan,nan,nan,nan,nan,nan,nan,nan,nan,nan,nan,nan,nan,nan,nan,nan,nan,nan,nan,nan,nan,nan,nan,nan,nan,nan,nan,nan,nan,nan,nan,nan,nan,nan,nan,nan,nan,nan,nan,nan,nan,nan,nan,nan,nan,nan,nan,nan,nan,nan,nan,nan,nan,nan,nan,nan,nan,nan,nan,nan,nan,nan,nan,nan,nan,nan,nan,nan,nan,nan,nan,nan,nan,nan,nan,nan,nan,nan,nan,nan,nan,nan,nan,nan,nan,nan,nan,nan,nan,nan,nan,nan,nan,nan,nan,nan,nan,nan,nan,nan,nan,nan,nan,nan,nan,nan,nan,nan,nan,nan,nan,nan,nan,nan,nan,nan,nan,nan
